link_limpo,gestora,date,title,risco,tokens_utilizados,texto,url
https://oglobo.globo.com/blogs/miriam-leitao/post/2025/06/deficit-primario-de-maio-mostra-melhora-fiscal-mas-a-partir-de-medidas-pontuais-sem-conter-avanco-da-divida-explica-economista.ghtml,xp,2025-06-30T14:57:05Z,"D√©ficit prim√°rio de maio mostra melhora fiscal, mas a partir de medidas pontuais, sem ...",nao representa risco,518,"O d√©ficit prim√°rio, divulgado hoje pelo Banco Centrall, veio menor do que se imaginava. A proje√ß√£o do mercado para maio era de uma conta negativa em R$ 42 bilh√µes e o resultado foi de R$ 33,7 bilh√µes. O n√∫mero ainda √© bem menor do que o apurado no mesmo per√≠odo do ano passado, quando foi de R$ 63,9 bilh√µes. Isso significa que existe uma melhora fiscal, mas essa melhora √© resultado de quest√µes pontuais, que n√£o se refletem em redu√ß√£o da d√≠vida, que avan√ßou para 76,1% PIB, avalia a economista Juliana Inhasz Kessler, professora do Insper. E a melhora de maio pode n√£o se repetir, destaca, diante da frustra√ß√£o de receitas com a revoga√ß√£o do decreto do IOF.

- Os resultados de maio s√£o positivos numericamente, mas qualitativamente s√£o preocupantes. H√° uma melhora fiscal, mas ela est√° impulsionada por coisas muito pontuais, como o uso dos fundos federais, diminui√ß√£o de cr√©dito extraordin√°rio e at√© o pr√≥prio contingenciamento. O juro alto pode continuar fazendo com que o governo fique exposto e vai ser dif√≠cil conseguir contornar os impactos negativos e o aumento do risco ou a perman√™ncia de um risco fiscal muito elevado. E a derrubada do decreto do IOF pode piorar esse dado, afinal haver√° frustra√ß√£o de receitas com as quais o governo contava e at√© aqui n√£o h√° nenhuma compensa√ß√£o prevista - explica a economista.

Juliana ressalta o peso do contingenciamento de R$ 31 bilh√µes feito pelo governo nessa conta, mas reconhece as redu√ß√µes implementadas, por exemplo, com o recuo de gasto em cr√©dito extraordin√°rio, em cerca de R$ 6 bilh√µes, e a diminui√ß√£o das despesas do Executivo, de R$ 12 bilh√µes.

Cortes no Or√ßamento j√° afetam dia a dia de ag√™ncias reguladoras, INSS e universidades: Para analistas, sem um ajuste estrutural de longo prazo, h√° risco de apag√£o da m√°quina p√∫blica

- Quando a gente olha esses R$ 30 bilh√µes de diferen√ßa em rela√ß√£o a maio de 2024, os contingenciamentos s√£o um ponto central dentro dessa hist√≥ria. √â importante lembrar aqui que a conta dos precat√≥rios n√£o est√° sendo contabilizada, o que pioraria esse resultado. Em julho, o governo pagar√° R$ 70 bi em precat√≥rio, que est√£o fora da conta at√© 2026. O governo estava contando com receita do IOF, que seria grande, para reduzir esses impactos negativos. Agora que ela n√£o vem, o governo est√° numa situa√ß√£o complicada - pondera a economista.

A boa not√≠cia, de fato, dos dados de maio, diz a professora do Insper, √© o maior equil√≠brio nas contas de estados e munic√≠pios, com registro de super√°vit de R$ 4,5 bi.

- Essa foi a boa nova de maio, governos estaduais e municipais conseguindo ter super√°vit e estatais reduzindo d√©ficit.

'A semana mostrou que o Congresso n√£o est√° interessado em reequilibrar as contas p√∫blicas. O foco √© 2026', diz economista

Tiago Sbardelotto, economista da XP, ressalta que o resultado de estados e munic√≠pios surpreendeu positivamente, era esperado um pequeno d√©ficit ou um n√∫mero muito pr√≥ximo a zero. E aponta o que contribuiu para o super√°vit:",https://oglobo.globo.com/blogs/miriam-leitao/post/2025/06/deficit-primario-de-maio-mostra-melhora-fiscal-mas-a-partir-de-medidas-pontuais-sem-conter-avanco-da-divida-explica-economista.ghtml
https://economiaempauta.com.br/xp-lanca-cartao-exclusivo-para-clientes-milionarios-confira-as-vantagens/,xp,2025-06-30T14:48:19Z,<b>XP</b> lan√ßa cart√£o exclusivo para clientes milion√°rios; confira as vantagens - Economia em Pauta,nao representa risco,75,"A XP Investimentos anunciou nesta segunda-feira (30) o lan√ßamento do XP Legacy, um novo cart√£o de cr√©dito com bandeira Visa Infinite e voltado a clientes com patrim√¥nio acima de R$ 1 milh√£o. A novidade busca refor√ßar a atua√ß√£o da XP no segmento de alta renda e ampliar a fam√≠lia de cart√µes de cr√©dito da companhia.

¬ª LEIA MAIS",https://economiaempauta.com.br/xp-lanca-cartao-exclusivo-para-clientes-milionarios-confira-as-vantagens/
https://einvestidor.estadao.com.br/ultimas/xp-investimentos-novo-cartao-credito-milionarios/,xp,2025-06-30T14:18:01Z,<b>XP</b> lan√ßa cart√£o exclusivo para clientes milion√°rios; confira as vantagens - E-Investidor,nao representa risco,243,"‚ÄúO lan√ßamento do Cart√£o XP Legacy representa um avan√ßo importante na nossa estrat√©gia de oferecer solu√ß√µes completas para clientes de alto patrim√¥nio. Este cart√£o traduz o que acreditamos ser a nova fronteira de relacionamento financeiro, entregando servi√ßos de alto n√≠vel para quem busca performance e experi√™ncias memor√°veis‚Äù, afirmou Cesar Chicayban, presidente executivo (CEO, na sigla em ingl√™s) da XP Private Bank, em nota.

O Cart√£o XP Legacy oferece concierge (profissional que oferece assist√™ncia e servi√ßos personalizados a clientes) exclusivo e um servi√ßo de alto padr√£o para quem busca experi√™ncias de viagem sob medida.

Publicidade

Invista em oportunidades que combinam com seus objetivos. Fa√ßa seu cadastro na √Ågora Investimentos

Entre os diferenciais, est√£o reservas em restaurantes premiados, estadias em hot√©is de luxo, descontos em fretamento de aeronaves e aluguel de embarca√ß√µes. O cart√£o tamb√©m oferece a possibilidade de contratar servi√ßos adicionais, como a consultoria para vistos e passaportes e Personal Assistant para apoiar em tarefas do dia a dia.

J√° entre os benef√≠cios financeiros do novo cart√£o da XP Investimentos est√£o o Investback, com retorno de at√© 1,5% por real gasto ou 1,75% em compras internacionais, ou o ac√∫mulo de 3,5 pontos por d√≥lar gasto. H√° tamb√©m o IOF Especial, com o qual √© poss√≠vel obter vantagens pelo uso do Cart√£o XP Legacy em viagens, como +2,28% de Investback ou +4 pontos por d√≥lar em compras internacionais.",https://einvestidor.estadao.com.br/ultimas/xp-investimentos-novo-cartao-credito-milionarios/
https://www.moneytimes.com.br/o-que-esperar-da-petrobras-petr4-com-o-cessar-fogo-no-oriente-medio-veja-projecao-de-dividendos-nos-destaques-do-money-picks-grds/,xp,2025-06-30T13:55:13Z,O que esperar da Petrobras (PETR4) com o cessar-fogo no Oriente M√©dio? Veja proje√ß√£o ...,nao representa risco,443,"O cessar-fogo entre Israel e Ir√£ trouxe um al√≠vio para os mercados na semana passada. No entanto, o fim do conflito segura um cen√°rio baixista para o pre√ßo do petr√≥leo ‚Äî na casa dos US$ 65, pressionando empresas do setor, como a Petrobras (PETR4).

A estatal foi um dos destaques do Money Picks, apresentado por Juliana Caveiro, rep√≥rter do Money Times. Segundo o Santander, a Petrobras poder√° distribuir cerca de US$ 7,3 bilh√µes em dividendos, o que representa um dividend yield de aproximadamente 9%.

LEIA MAIS: Ita√∫ BBA, BB Investimentos, Safra, BTG Pactual e outros bancos selecionaram os ativos mais promissores para ter em carteira ‚Äì veja quais s√£o

Os analistas ressaltam que a proje√ß√£o corresponde apenas √† expectativa de dividendos ordin√°rios. Para turbinar os rendimentos de acionistas com dividendos extras, como o governo especulou, a empresa ter√° que se alavancar mais, o que n√£o parece prov√°vel.

A recomenda√ß√£o do Santander √© neutra, com pre√ßo-alvo de R$ 38. J√° para o BTG Pactual, n√£o √© hora de p√¢nico e o investidor deve manter o foco no m√©dio e longo prazo. O banco recomenda compra, com alvo de R$ 44.

Outra a√ß√£o destacada foi a Aura Minerals (AURA33), que teve as proje√ß√µes revisadas para cima pela XP Investimentos. A empresa valorizou cerca de 395% desde janeiro de 2024 e a corretora ainda v√™ espa√ßo para subir mais, devido ao bom momento do ouro.

A corretora recomenda compra, elevando o pre√ßo-alvo para o final de 2025 para R$ 70, o que representa um potencial de valoriza√ß√£o de 45,5%.

A XP tamb√©m considera que vale a pena olhar para o BR Partners (BRBI11), que j√° subiu mais de 20% no ano. Os analistas veem o banco construindo um nome forte, com altas estimativas de lucro e novos neg√≥cios no m√©dio e longo prazo.

Para o Ita√∫ BBA, as a√ß√µes da Vibra Energia (VBBR3) est√£o entre as recomenda√ß√µes de compra, mesmo ap√≥s corte de R$ 1 no pre√ßo-alvo, que agora √© de R$ 30 para o final de 2025. O banco aposta na retomada gradual da participa√ß√£o de mercado da empresa.

O √∫ltimo destaque ficou por conta das Lojas Renner (LREN3). A varejista acumula alta de 54% em 2025 e o BTG v√™ a empresa posicionada para aproveitar as oportunidades do setor, impulsionando o lucro l√≠quido nos pr√≥ximos trimestres. O banco elevou o pre√ßo-alvo para R$ 22 e recomenda compra.

A jornalista abriu mais detalhes sobre as observa√ß√µes dos analistas para cada a√ß√£o. Para ficar por dentro das recomenda√ß√µes, acompanhe o Money Picks, no canal do Money Times no YouTube.",https://www.moneytimes.com.br/o-que-esperar-da-petrobras-petr4-com-o-cessar-fogo-no-oriente-medio-veja-projecao-de-dividendos-nos-destaques-do-money-picks-grds/
https://pt.linkedin.com/posts/thiago-maffra_hoje-damos-mais-um-passo-importante-na-nossa-activity-7345428887494946818-qyks,xp,2025-06-30T13:19:40Z,"Publica√ß√£o de Thiago Maffra, CFA - LinkedIn",nao representa risco,283,"Hoje damos mais um passo importante na nossa miss√£o de oferecer produtos, servi√ßos e experi√™ncias de excel√™ncia aos nossos clientes. Anunciamos o lan√ßamento do Cart√£o XP Legacy, um produto exclusivo para clientes de alta renda, que une o melhor da nossa plataforma de investimentos e assessoria √† uma experi√™ncia de alto padr√£o em servi√ßos financeiros e lifestyle. Toda a sua concep√ß√£o foi baseada em feedbacks dos nossos clientes e, partir deles, trouxemos benef√≠cios ainda mais competitivos como Investback com retorno de at√© 1,5% por real gasto e 1,75% em compras internacionais, ou o ac√∫mulo de at√© 3,5 pontos por d√≥lar gasto, al√©m de um concierge exclusivo com acesso a eventos, viagens, salas VIP ilimitadas e outras experi√™ncias exclusivas. Mais do que um cart√£o de cr√©dito, o XP Legacy representa a evolu√ß√£o da nossa proposta de valor: oferecer solu√ß√µes completas, personalizadas e integradas ao nosso ecossistema para quem busca excel√™ncia em cada detalhe e objetivo de vida. Al√©m disso, √© um movimento importante para oferecermos o que h√° de melhor no universo de servi√ßos financeiros, para cada perfil de cliente, j√° que, agora, o XP Legacy faz parte da estrat√©gia de expans√£o da nossa fam√≠lia de cart√µes, composta por quatro modelos: XP One, XP Visa Infinite, XP Visa Infinite Legacy e XP Visa Infinite Privilege. Juntos, eles refor√ßam o nosso compromisso em entregar solu√ß√µes financeiras completas, conectadas ao estilo de vida e √†s necessidades de cada perfil de investidor. Todas as informa√ß√µes sobre o novo Cart√£o XP Legacy est√£o aqui: https://lnkd.in/eH6jhbJc Parab√©ns, Jos√© Berenguer, Cristiano Ayres, Ciro Moreira, Cesar Chicayban e todo o time envolvido nesse lan√ßamento!!",https://pt.linkedin.com/posts/thiago-maffra_hoje-damos-mais-um-passo-importante-na-nossa-activity-7345428887494946818-qyks
https://www.moneytimes.com.br/ibovespa-ibov-abre-5-coisas-para-saber-ao-investir-hoje-30-6-25-lils/,xp,2025-06-30T13:18:16Z,Ibovespa (IBOV) cai com imbr√≥glio sobre IOF e negocia√ß√µes comerciais dos EUA,nao representa risco,903,"Ibovespa abre em queda nesta segunda-feira (30) (Imagem: REUTERS/Amanda Perobelli)

O Ibovespa (IBOV) abre o √∫ltimo preg√£o de junho, nesta segunda-feira (30), em queda. O principal √≠ndice da bolsa brasileira ca√≠a 0,17%, aos 136.552,71 pontos, por volta de 10h10 (hor√°rio de Bras√≠lia). Se o √≠ndice seguir de lado at√© o final do dia, o saldo mensal deve ser negativo, interrompendo a sequ√™ncia de altas consecutivas desde mar√ßo.







O d√≥lar √† vista perde for√ßa ante o real nas primeiras horas de negocia√ß√µes comerciais entre Estados Unidos com pa√≠ses parceiros e na expectativa por novas declara√ß√µes de autoridades do governo e do Banco Central.

No mesmo hor√°rio, o d√≥lar √† vista ca√≠a a R$ 5,4699 (-0,24%).

Day Trade:

Radar do mercado:

CONTINUA DEPOIS DA PUBLICIDADE

5 assuntos para saber ao investir no Ibovespa nesta segunda-feira (30)

1 ‚Äì Selic a 15% em dezembro

Os economistas ouvidos pelo Banco Central mantiveram a expectativa de Selic a 15% em dezembro deste ano, segundo o Boletim Focus.

J√° a previs√£o para infla√ß√£o caiu de 5,24% para 5,20% no fim deste ano, ap√≥s a desacelera√ß√£o do √çndice Nacional de Pre√ßos ao Consumidor Amplo 15 (IPCA-15), divulgado na semana passada. A pr√©via de infla√ß√£o subiu 0,26% este m√™s, frente a avan√ßo de 0,36% em maio, e acumula alta de 3,06% em 12 meses.

As proje√ß√µes para o d√≥lar apontam para c√¢mbio na casa dos R$ 5,70 e R$ 5,79 em 2025 e 2026, respectivamente. Para 2027 e 2028, as apostas s√£o de R$ 5,75 e R$ 5,80.

J√° as estimativas para o Produto Interno Bruto (PIB) deste ano foram mantidas em 2,21% neste Focus, enquanto para 2026, reajustadas de 1,85 para 1,87%. Para 2027 e 2028, o crescimento esperado para o pa√≠s √© de respectivos 2% e 2%.

2- D√≠vida p√∫blica do Brasil

A d√≠vida p√∫blica bruta do Brasil subiu menos do que o esperado em maio, de acordo com dados divulgados pelo Banco Central.

A d√≠vida p√∫blica bruta do pa√≠s como propor√ß√£o do Produto Interno Bruto (PIB) fechou maio em 76,1%, contra 76,0% no m√™s anterior. J√° a d√≠vida l√≠quida do setor p√∫blico foi a 62,0%, de 61,5%. As expectativas em pesquisa da Reuters eram de 76,6% para a d√≠vida bruta e de 62,0% para a l√≠quida.

Em maio, o setor p√∫blico consolidado registrou um d√©ficit prim√°rio de R$ 33,740 bilh√µes, contra expectativa de economistas consultados em pesquisa da Reuters de um saldo negativo de R$ 42,7 bilh√µes.

O desempenho mostra que o governo central teve d√©ficit de R$37,351 bilh√µes, enquanto Estados e munic√≠pios registraram super√°vit prim√°rio de R$ 4,537 bilh√µes e as estatais tiveram saldo negativo de R$ 926 milh√µes.

D√≠vida p√∫blica sobe para 76,1% do PIB: Brasil corre risco de colapso fiscal? Entenda os impactos no Giro do Mercado

3 ‚Äì Imbl√≥glio sobre IOF

As discuss√µes sobre as mudan√ßas no Imposto sobre Opera√ß√µes Financeiras (IOF) continuam a movimentar os corredores do Pal√°cio do Planalto. Depois da derrubada do decreto que aumentava as al√≠quotas do tributo sobre cr√©dito para empresas, c√¢mbio e previd√™ncia privada pelo Congresso, o governo articula uma a√ß√£o na Justi√ßa.

Na √∫ltima sexta-feira (27), o Ministro da Fazenda, Fernando Haddad, afirmou que o presidente Luiz In√°cio Lula da Silva deve ingressar com a√ß√£o no Supremo Tribunal Federal (STF).

Em entrevista √† GloboNews, o chefe da pasta econ√¥mica disse que o governo espera apenas o aval da Advocacia-Geral da Uni√£o (AGU). Para ele, a decis√£o dos parlamentares √© ‚Äúusurpa√ß√£o constitucional‚Äù.

4 ‚Äì ‚ÄúBeautiful Bill‚Äù

Nos Estados Unidos, o Senado apresentou uma ‚Äúnova‚Äù vers√£o do projeto de lei de impostos e gastos do presidente Donald Trump, a ‚ÄúBeautiful Bill‚Äú.

O texto acrescentar√° US$ 3,3 trilh√µes √† d√≠vida do pa√≠s, cerca de US$ 800 bilh√µes a mais do que a vers√£o aprovada pela C√¢mara dos Representantes no m√™s passado.

Segundo as estimativas do Escrit√≥rio de Or√ßamento do Congresso (CBO), o impacto do projeto de lei sobre a d√≠vida federal deve ser de US$ 36,2 trilh√µes.

Os republicanos, que h√° muito tempo expressam preocupa√ß√£o com os crescentes d√©ficits e d√≠vidas dos EUA, t√™m rejeitado a metodologia de longa data do CBO para calcular o custo da legisla√ß√£o. Mas os democratas esperam que os n√∫meros mais recentes e surpreendentes possam despertar ansiedade suficiente entre os conservadores fiscalistas para lev√°-los a se opor ao seu partido, que controla as duas Casas do Congresso.

Nas redes sociais, Trump saudou a vota√ß√£o, que aconteceu no s√°bado (28), como uma ‚Äúgrande vit√≥ria‚Äù para seu ‚Äúgrande e belo projeto de lei‚Äù.

5 ‚Äì Atividade industrial da China

A atividade industrial da China encolheu pelo terceiro m√™s consecutivo em junho.

O √çndice de Gerentes de Compras (PMI, na sigla em ingl√™s) subiu de 49,5 em maio para 49,7 neste m√™s, em linha com a mediana das previs√µes em uma pesquisa da Reuters, mas permanecendo abaixo da marca de 50 que separa crescimento de contra√ß√£o. Os dados foram divulgados pelo do Escrit√≥rio Nacional de Estat√≠sticas do pa√≠s.

J√° o PMI n√£o manufatureiro, que inclui servi√ßos e constru√ß√£o, passou de 50,3 para 50,5.

A confian√ßa das empresas permanece moderada, com o emprego, os pre√ßos de f√°brica e os novos pedidos de exporta√ß√£o ainda enfraquecidos ‚Äî o que refor√ßa os apelos por ainda mais est√≠mulos conforme as autoridades lidam com o ataque tarif√°rio do presidente dos Estados Unidos, Donald Trump, e com a fraqueza cr√¥nica do setor imobili√°rio.

*Com informa√ß√µes de Reuters",https://www.moneytimes.com.br/ibovespa-ibov-abre-5-coisas-para-saber-ao-investir-hoje-30-6-25-lils/
https://www.gazetadevarginha.com.br/post/tribunal-isenta-xp-e-valor-investimentos-de-responsabilidade-por-preju%C3%ADzo-de-cliente,xp,2025-06-30T12:45:11Z,Tribunal isenta <b>XP</b> e Valor <b>Investimentos</b> de responsabilidade por preju√≠zo de cliente,nao representa risco,256,"Divulga√ß√£o

TJMG mant√©m decis√£o que isenta empresas financeiras por preju√≠zos de cliente na Bolsa.





A 17¬™ C√¢mara C√≠vel do Tribunal de Justi√ßa de Minas Gerais (TJMG) manteve a senten√ßa da 15¬™ Vara C√≠vel da Comarca de Belo Horizonte que isentou as empresas Valor Investimentos Agente Aut√¥nomo de Investimentos S/S LTDA e XP Investimentos Corretora de C√¢mbio, T√≠tulos e Valores Mobili√°rios S.A. de ressarcir um cliente que alegou preju√≠zos com aplica√ß√µes orientadas por consultores.





O investidor entrou com a√ß√£o judicial pleiteando indeniza√ß√£o por danos materiais e morais, afirmando que, por sugest√£o de um funcion√°rio da Valor Investimentos ‚Äî empresa credenciada pela XP ‚Äî aplicou aproximadamente R$ 145 mil na Bolsa de Valores. A promessa, segundo ele, era de retornos r√°pidos e significativos, mas os investimentos geraram um preju√≠zo superior a R$ 120 mil.





Na defesa, as empresas alegaram que o mercado de a√ß√µes envolve riscos conhecidos e que n√£o haviam garantido lucros, argumento acolhido em primeira inst√¢ncia. Inconformado, o cliente recorreu ao TJMG, mas teve o pedido novamente negado.





O relator do recurso, desembargador Amauri Pinto Ferreira, destacou que a volatilidade √© inerente ao mercado acion√°rio e que o investidor assume, ao aplicar, os riscos das flutua√ß√µes do mercado. ‚ÄúO investidor, ao optar por realizar tais opera√ß√µes, assume expressamente os riscos inerentes √† atividade‚Äù, afirmou.





Os desembargadores Baeta Neves e Evandro Lopes da Costa Teixeira acompanharam o voto do relator, confirmando que n√£o houve irregularidade na conduta das institui√ß√µes financeiras.",https://www.gazetadevarginha.com.br/post/tribunal-isenta-xp-e-valor-investimentos-de-responsabilidade-por-preju%C3%ADzo-de-cliente
https://passageirodeprimeira.com/cartao-xp-legacy/,xp,2025-06-30T12:23:08Z,<b>XP</b> lan√ßa o Legacy: cart√£o de cr√©dito em metal para <b>investimentos</b> acima de R$ 1 milh√£o,nao representa risco,663,"A XP anunciou o lan√ßamento do Legacy, novo cart√£o de cr√©dito de bandeira Visa Infinite, voltado a clientes com patrim√¥nio acima de R$ 1 milh√£o. A novidade amplia a fam√≠lia de cart√µes de cr√©dito da companhia, com uma proposta que vai al√©m dos benef√≠cios tradicionais da categoria Infinite e estabelece um novo padr√£o de experi√™ncia na jornada do investidor.

‚ÄúO lan√ßamento do Cart√£o XP Legacy representa um avan√ßo importante na nossa estrat√©gia de oferecer solu√ß√µes completas para clientes de alto patrim√¥nio. Este cart√£o traduz o que acreditamos ser a nova fronteira de relacionamento financeiro, entregando servi√ßos de alto n√≠vel para quem busca performance e experi√™ncias memor√°veis‚Äù, afirma Cesar Chicayban, CEO da XP Private Bank.

Benef√≠cios do XP Legacy

O Cart√£o XP Legacy proporciona aos clientes uma jornada diferenciada, com concierge exclusivo e um servi√ßo de alto padr√£o para quem busca experi√™ncias de viagem sob medida. Entre os diferenciais est√£o reservas em restaurantes premiados, estadias em hot√©is de luxo, descontos em fretamento de aeronaves e aluguel de embarca√ß√µes. Com solu√ß√µes sofisticadas, o cart√£o tamb√©m oferece a possibilidade de contratar servi√ßos adicionais como a consultoria para vistos e passaportes e Personal Assistant para apoiar em tarefas do dia a dia.

J√° entre os benef√≠cios financeiros est√£o o Investback, com retorno de at√© 1,5% por real gasto ou 1,75% em compras internacionais, ou o ac√∫mulo de 3,5 pontos por d√≥lar gasto. Com o IOF Especial, √© poss√≠vel obter ainda mais vantagens com o uso do Cart√£o XP Legacy em viagens, garantindo +2,28% de investback ou +4 pontos por d√≥lar em todas as compras internacionais, chegando a um investback de 4,03% ou 7,5 pontos por d√≥lar gasto, conforme a prefer√™ncia do portador.

O cart√£o, com design met√°lico e acabamento marcante, tamb√©m assume um papel aspiracional dentro da base de clientes da XP. O processo criativo foi constru√≠do a partir da escuta ativa dos clientes ‚Äî suas sugest√µes e percep√ß√µes guiaram as principais decis√µes de design e posicionamento.

O cart√£o chega ao mercado com o objetivo de aprofundar o relacionamento da XP com seus clientes de maior patrim√¥nio, oferecendo uma experi√™ncia completa, que une plataforma de investimentos, servi√ßos financeiros e lifestyle em um √∫nico ecossistema.

Anuidade e acesso √† sala VIP

O cart√£o oferece acesso ilimitado √†s salas VIP de aeroportos para titular e adicionais atrav√©s do programa Visa Airport Companion, com possibilidade de levar 12 convidados por ano. Sobre a anuidade, contudo, ainda n√£o foi divulgada pela XP os valores, bem como se haver√° pol√≠tica de isen√ß√£o.

Cart√µes de cr√©dito da XP

Com o an√∫ncio do Legacy, a XP amplia sua fam√≠lia de cart√µes de cr√©dito para quatro modelos:

XP One

O XP One √© o cart√£o de entrada da marca, com anuidade gratuita, at√© 1% de investback e at√© dois acessos a salas VIP por ano, ideal para investidores em in√≠cio de jornada.

XP Infinite

O XP Infinite oferece benef√≠cios ampliados, como at√© 1,5% de investback, at√© quatro acessos a salas VIP e condi√ß√µes especiais em viagens.

XP Legacy

Voltado a clientes com patrim√¥nio a partir de R$ 1 milh√£o, O XP Legacy entrega uma experi√™ncia mais sofisticada com concierge exclusivo, pontua√ß√£o de at√© 3,5 pontos por d√≥lar gasto e acesso preferencial a experi√™ncias exclusivas.

XP Privilege

J√° o XP Privilege √© direcionado a clientes com mais de R$ 30 milh√µes em patrim√¥nio e acesso por convite, com servi√ßos ultrapersonalizados, para quem busca exclusividade e excel√™ncia em cada detalhe.

Coment√°rio

Mais do que um meio de pagamento, o Cart√£o XP Legacy √© uma extens√£o da proposta de valor da XP: entregar excel√™ncia, personaliza√ß√£o e conveni√™ncia em todos os pontos de contato com o investidor.

O que achou do novo cart√£o?

‚òû Quer ficar por dentro de todas as novidades e promo√ß√µes? Entre agora no nosso canal exclusivo do WhatsApp e receba na hora tudo o que for publicado no nosso site. Clique aqui e n√£o perca mais nenhuma oportunidade!",https://passageirodeprimeira.com/cartao-xp-legacy/
https://embarqueprioritario.com/milhas/programas-de-fidelidade/livelo/xp-livelo-como-transferir-pontos-da-xp-para-livelo/,xp,2025-06-30T12:22:04Z,Como Transferir Pontos da <b>XP</b> para Livelo - Embarque Priorit√°rio,nao representa risco,867,"Com o crescimento do mercado de fidelidade no Brasil, cada vez mais institui√ß√µes financeiras oferecem programas de pontos que podem ser transferidos para companhias a√©reas ou convertidos em benef√≠cios. Um dos destaques nos √∫ltimos anos √© a parceria XP Livelo, que permite transferir pontos acumulados na XP Investimentos para o programa Livelo, um dos mais vers√°teis e usados do pa√≠s.

An√∫ncios





An√∫ncios





Neste artigo, voc√™ vai entender em detalhes como funciona a transfer√™ncia de pontos da XP Livelo, quais s√£o os pr√©-requisitos, o passo a passo do processo, os benef√≠cios, e estrat√©gias para maximizar seus ganhos. Se voc√™ investe com a XP e quer aproveitar seus pontos de maneira inteligente, continue lendo.

Fiz tamb√©m um v√≠deo bem detalhado onde te explico tudo passo a passo compartilhando a minha tela:

1. O que √© a parceria XP Livelo?

A parceria foi lan√ßada para conectar os programas de fidelidade das duas marcas: de um lado, a XP Investimentos, que recompensa clientes com pontos por meio do seu programa de relacionamento; do outro, a Livelo, um dos maiores programas de recompensas do Brasil, com centenas de parceiros, resgates e benef√≠cios.

An√∫ncios





Essa uni√£o permite que os clientes da XP possam transferir os pontos acumulados na corretora diretamente para a Livelo, ampliando as possibilidades de uso ‚Äî como resgate de passagens a√©reas, produtos, servi√ßos e muito mais.

2. Quem pode usar o programa?

Para utilizar a funcionalidade de transfer√™ncia, √© necess√°rio:

Ser cliente XP Investimentos com conta ativa;

Ter saldo dispon√≠vel de pontos XP;

Ter uma conta ativa no programa Livelo com CPF compat√≠vel.



3. Como acumular pontos na XP

Antes de pensar em transferir, voc√™ precisa acumular pontos no ecossistema XP. A acumula√ß√£o de pontos XP funciona de forma semelhante a um programa de fidelidade de banco tradicional, utilizando o cart√£o de cr√©dito da XP.

4. Como transferir pontos da XP para Livelo: passo a passo

Veja agora o passo a passo para transferir seus pontos XP Livelo:

Acesse sua conta na XP Investimentos via aplicativo ou site; V√° at√© a aba ‚ÄúBenef√≠cios‚Äù; Clique em ‚ÄúTransferir pontos para a Livelo‚Äù; Informe seu CPF vinculado √† conta Livelo; Selecione a quantidade de pontos que deseja transferir; Confirme a opera√ß√£o.

A transfer√™ncia costuma ser processada em at√© 72 horas, e voc√™ receber√° uma confirma√ß√£o via e-mail ou notifica√ß√£o no aplicativo da XP.

√â recomend√°vel aguardar campanhas espec√≠ficas que ofere√ßam transfer√™ncia gratuita ou com b√¥nus, como j√° ocorreu em v√°rias ocasi√µes.

5. Quais s√£o os benef√≠cios?

A parceria oferece uma s√©rie de vantagens para os investidores que desejam transformar seus pontos em experi√™ncias ou benef√≠cios reais:

Acesso ao cat√°logo completo da Livelo ;

; Transfer√™ncia para companhias a√©reas como Smiles, TudoAzul e Latam Pass ;

; Resgate de produtos, cashback, experi√™ncias e viagens ;

; Convers√£o de pontos em milhas a√©reas para usar em passagens ;

; Aproveitamento de b√¥nus promocionais da Livelo.

Essa flexibilidade faz com que o investidor transforme seu relacionamento com a XP em vantagens pr√°ticas.

6. Como aproveitar promo√ß√µes?

A XP, em parceria com a Livelo, realiza com frequ√™ncia campanhas de transfer√™ncia com b√¥nus.

Para aproveitar essas promo√ß√µes, siga estas dicas:

Mantenha seu e-mail cadastrado e ative as notifica√ß√µes da XP e da Livelo;

Entre para o Clube Livelo para ter acesso antecipado a ofertas exclusivas;

para ter acesso antecipado a ofertas exclusivas; Acumule pontos estrategicamente e aguarde os per√≠odos de bonifica√ß√£o.

Essas campanhas s√£o ideais para quem deseja maximizar os resultados da parceria XP Livelo.

7. Dicas para usar bem seus pontos ap√≥s a transfer√™ncia XP Livelo

Depois que voc√™ concluir a transfer√™ncia de pontos da XP Livelo, voc√™ pode:

Transferir para companhias a√©reas com promo√ß√µes de milhas bonificadas ;

; Resgatar passagens a√©reas internacionais em classe executiva com planejamento;

com planejamento; Trocar por produtos e servi√ßos no cat√°logo Livelo com bom custo-benef√≠cio;

com bom custo-benef√≠cio; Converter em descontos e cashback em empresas parceiras como Magalu, Netshoes, Centauro e mais.

Avaliar o melhor momento para usar seus pontos √© o segredo para viajar mais gastando menos.

8. Vale a pena?

Sim, a parceria XP Livelo √© uma das mais vantajosas para quem investe e quer transformar sua carteira em benef√≠cios reais. Em 2025, a tend√™ncia √© de que o programa se torne ainda mais integrado com o ecossistema de viagens e lifestyle da Livelo, oferecendo novas promo√ß√µes, experi√™ncias exclusivas e mais canais de resgate.

Se voc√™ investe com a XP e quer ver retorno al√©m dos rendimentos, transferir seus pontos para a Livelo √© uma forma inteligente de ampliar seu poder de compra ou de viajar com conforto.

Conclus√£o

A parceria XP Livelo mostra que o mundo dos investimentos e o dos programas de fidelidade podem caminhar juntos. Ao acumular pontos com seus aportes e depois transferi-los para a Livelo, o cliente XP tem acesso a um universo de possibilidades: milhas, produtos, passagens, experi√™ncias e muito mais.

Em um cen√°rio onde cada ponto conta, saber como utilizar corretamente os benef√≠cios da XP Livelo pode ser o diferencial entre um simples investimento e uma viagem inesquec√≠vel. Aproveite essa parceria com estrat√©gia, acompanhe as campanhas e transforme seu patrim√¥nio em qualidade de vida.",https://embarqueprioritario.com/milhas/programas-de-fidelidade/livelo/xp-livelo-como-transferir-pontos-da-xp-para-livelo/
https://www.infomoney.com.br/mercados/interessante-inevitavel-2-fatores-que-guiam-otimismo-de-bancoes-com-acoes-do-brasil/,xp,2025-06-30T12:08:12Z,"Interessante, inevit√°vel: 2 fatores que guiam otimismo de banc√µes com a√ß√µes do Brasil",nao representa risco,1832,"Cen√°rio, ainda que um pouco distante, de queda de juros no Brasil, e elei√ß√µes de 2026 levam a um maior otimismo para investir em a√ß√µes

Publicidade

Os √∫ltimos dias foram marcados por uma eleva√ß√£o do temor fiscal e de sinais de crise pol√≠tica no Brasil com a derrubada dos 3 decretos presidenciais que ajustaram o IOF (Imposto sobre Opera√ß√µes Financeiras). Somando-se a isso, o cen√°rio geopol√≠tico motivou a avers√£o a risco do mercado.

Por√©m, para o mercado brasileiro, os principais agentes de mercado est√£o de olho no cen√°rio mais √† frente, ap√≥s uma alta de cerca de 14% at√© o fechamento da √∫ltima sexta. Mais precisamente, para dois pontos: olhando para um horizonte mais pr√≥ximo (mas ainda nem tanto), a expectativa por um corte de juros e, mais √† frente, para as elei√ß√µes de 2026.

Essas s√£o as principais teses para grandes bancos e casas de an√°lise seguirem otimistas com o Brasil n√£o s√≥ olhando 2026, mas tamb√©m olhando para o segundo semestre, uma vez que a √© expectativa √© de que as mudan√ßas de regime(s) sejam precificadas ao longo dos pr√≥ximos meses.

Conforme destacou Raphael ‚ÄúRafi‚Äù Figueredo, estrategista de a√ß√µes da XP, em relat√≥rio de estrat√©gia, ‚Äúo mercado aponta para uma janela hist√≥rica de oportunidades na Bolsa, onde setores como institui√ß√µes financeiras e varejo despontam com for√ßa. Ignorar esse movimento √© perder a chance de surfar a onda certa do ciclo econ√¥mico, pois o custo de permanecer superexposto na renda fixa pode ser uma armadilha que limita ganhos e potencializa o custo de oportunidade‚Äù, avalia.

De acordo com o estrategista, recente mudan√ßa no regime de juros e infla√ß√£o no Brasil, identificada pelo modelo quantitativo da XP em 7 de maio, abre uma nova fase de ‚Äúambiente historicamente mais favor√°vel a bolsa, com 62,5% de probabilidade de retornos positivos para o Ibovespa, segundo os ciclos anteriores‚Äù.

J√° nas √∫ltimas semanas, o Bradesco BBI reiterou sua recomenda√ß√£o de compra (overweight) para a√ß√µes brasileiras, destacando que o atual ciclo de alta na Bolsa compartilha diversos elementos com bull markets (mercado em alta) anteriores. Segundo o banco, a combina√ß√£o de entrada robusta de capital estrangeiro, rota√ß√£o setorial e compress√£o expressiva do pr√™mio de risco refor√ßa a confian√ßa na continuidade do rali.

Continua depois da publicidade

A expectativa √© de que os principais catalisadores ‚Äî os citados corte de juros e o ciclo eleitoral de 2026 ‚Äî comecem a ser precificados ao longo do segundo semestre de 2025, sustentando o apetite por risco no mercado local.

A casa define um bull market como o momento em que a m√©dia m√≥vel de 50 dias ultrapassa a de 200 dias, considerando esse cruzamento como o in√≠cio do ciclo. O fim ocorre com o movimento oposto. A partir desse modelo, o BBI divide os ciclos em cinco fases distintas, avaliando indicadores como desempenho por setor, pr√™mio de risco, juros reais, volatilidade, fluxo estrangeiro e volume m√©dio negociado.

De acordo com o BBI, o mercado est√° atualmente na fase 2 do ciclo, que historicamente apresenta os melhores retornos, com m√©dia de 35% a 49%. Essa fase tamb√©m √© caracterizada por queda acentuada na volatilidade, forte entrada de capital estrangeiro (com exce√ß√£o de um ciclo), e RSI pr√≥ximo de 80 ‚Äî o que sugere sobrecompra. Entre os destaques setoriais do Ibovespa est√£o consumo discricion√°rio, staples e comunica√ß√£o; j√° nas small caps, os melhores desempenhos v√™m de comunica√ß√£o, im√≥veis e setor financeiro.

Continua depois da publicidade

Na an√°lise do BBI, o final de um ciclo de alta tende a ocorrer quando o pr√™mio de risco e os juros de longo prazo sobem juntos, elevando o custo de capital em cerca de 340 pontos-base. Esse momento tamb√©m costuma ser acompanhado por piora na amplitude do mercado e sa√≠da l√≠quida de capital estrangeiro, com retorno m√©dio negativo de aproximadamente 20%.

No ciclo atual, o BBI destaca a entrada l√≠quida de R$ 9 bilh√µes em capital estrangeiro j√° na primeira fase ‚Äî o segundo maior volume da s√©rie hist√≥rica ‚Äî e ressalta que, embora a compress√£o de pr√™mio de risco tenha sido t√≠mida na largada (-35 pontos-base, ou bps), ela foi compensada pela queda acentuada na segunda fase (-343 bps). O retorno acumulado at√© o momento √© de 14%, com lideran√ßa setorial de tecnologia na fase inicial, e de consumo discricion√°rio, comunica√ß√£o e industriais na segunda fase. Por outro lado, energia, staples e comunica√ß√£o apresentam desempenho abaixo da m√©dia em alguns segmentos.

Os cen√°rios para o Ibovespa

O Morgan Stanley, no fim de maio, ressaltou otimismo com a Am√©rica Latina, o que inclui o Brasil. O banco americano passou a ter exposi√ß√£o overweight (exposi√ß√£o acima da m√©dia) em a√ß√µes brasileiras na regi√£o. Al√©m disso, instituiu uma proje√ß√£o para o Ibovespa para meados de 2026 em moeda local de 189 mil pontos (valoriza√ß√£o de 38% em rela√ß√£o ao fechamento da √∫ltima sexta). Os estrategistas adicionaram exposi√ß√£o a servi√ßos financeiros, empresas estatais, servi√ßos p√∫blicos e concess√µes.

Continua depois da publicidade

Para a equipe, o Brasil poderia se beneficiar de uma mudan√ßa na pol√≠tica interna, e os incentivos para elevar exposi√ß√£o ao mercado est√£o aumentando agora que: 1) nos aproximamos das elei√ß√µes (18 meses de dist√¢ncia), 2) sinais de fraqueza nos √≠ndices de aprova√ß√£o do governo atual, 3) cen√°rio de pico de alta das taxas de juros, indicando quedas √† frente e 4) d√≥lar potencialmente mais fraco e taxas globais mais baixas, o que poderia beneficiar o Brasil por meio do canal financeiro.

Na √∫ltima semana, em relat√≥rio revisando as suas proje√ß√µes para a Am√©rica Latina na segunda metade de 2025, o JPMorgan manteve exposi√ß√£o overweight (acima da m√©dia do mercado), ressaltando que o ‚ÄúBrasil √© uma das hist√≥rias mais interessantes nos mercados emergentes‚Äù atualmente.

Apesar das taxas de juros reais de 9%, o crescimento continua surpreendendo positivamente, enquanto a infla√ß√£o est√° em decl√≠nio, impulsionada por uma taxa de c√¢mbio mais forte. Para os estrategistas do banco, o pa√≠s est√° protegido da situa√ß√£o tarif√°ria e poderia at√© se beneficiar com o aumento da produ√ß√£o agr√≠cola e das importa√ß√µes de produtos manufaturados mais baratos.

Continua depois da publicidade

Leia tamb√©m:

Para os estrategistas, o Brasil √© atualmente uma hist√≥ria de momentum e fluxo. E quando isso acontece, as empresas de grande capitaliza√ß√£o tendem a apresentar desempenho superior. ‚ÄúO setor financeiro √© uma das nossas principais prefer√™ncias, pois possui uma variedade de a√ß√µes que devem se encaixar bem na carteira de um investidor, considerando que 1) as taxas devem cair at√© o final do ano, 2) o potencial de crescimento dos lucros do setor e 3) o setor geralmente √© um ponto de entrada quando os mercados melhoram. Entre os t√≠tulos nacionais, nossas recomenda√ß√µes encontram abrigo no cen√°rio c√≠clico de flexibiliza√ß√£o‚Äù, avalia a equipe de estrat√©gia.

O banco v√™ tamb√©m espa√ßo para o setor imobili√°rio apresentar desempenho superior, apesar do rali no primeiro semestre. Dentro do setor discricion√°rio, que n√£o √© o preferido, acredita que h√° um excesso de a√ß√µes no mercado (overhang, pressionando o pre√ßo dos ativos para baixo) e que a queda n√£o deve ser significativa, considerando que a alavancagem e os custos devem se beneficiar do cen√°rio macro. O setor de servi√ßos p√∫blicos (utilities) √© um setor com muita procura, pressionando os pre√ßos para cima, mas os retornos (TIR) ‚Äã‚Äãe o pagamento de dividendos continuam atraentes.

Continua depois da publicidade

O JPMorgan tra√ßa tr√™s cen√°rios para o Ibovespa ao fim de 2025: um base, um otimista (bull) e um pessimista (bear). O cen√°rio-base √© 145 mil pontos (potencial de alta de 7% frente o fechamento de quarta), o bull √© 155 mil (upside de 15%) e o bear √© 130 mil pontos (queda de 4%).

Os fatores juros + elei√ß√µes, especialmente o √∫ltimo, estabelecem um potencial piso para o Brasil em um cen√°rio de baixa, apontam. ‚ÄúCom a aproxima√ß√£o de 2026, acreditamos ser fundamental estarmos posicionados no Brasil‚Äù. O banco tem overweight em a√ß√µes dom√©sticas e underweight em commodities, preferindo institui√ß√µes financeiras, servi√ßos p√∫blicos e proxies de t√≠tulos cl√°ssicos (ou a√ß√µes que se comportam como t√≠tulos).

Tamb√©m na √∫ltima semana, o UBS elevou a exposi√ß√£o para o Brasil entre os emergentes de neutra para overweight, enquanto Tail√¢ndia e Pol√¥nia foram cortadas para neutra. O UBS ressaltou ainda que o mercado est√° mais otimista com a Coreia do Sul, mas a equipe segue neutra; j√° a China segue como um pa√≠s com ‚Äúoverweight-chave‚Äù.

Para justificarem a eleva√ß√£o para o Brasil, o UBS ressalta que os ativos do pa√≠s est√£o baratos em termos de m√∫ltiplos de pre√ßo sobre lucro (P/L) h√° algum tempo. No entanto, quase toda essa vis√£o de mercado mais barato nas avalia√ß√µes pode ser explicada por taxas de juros mais altas.

O banco apontou ter evitado tornar sua vis√£o positiva para o Brasil at√© que houvesse maior conforto de que o ciclo de taxas de juros est√° mudando. Alguns desenvolvimentos recentes ajudam. Os estrategistas esperam que os cortes de juros comecem a partir de abril de 2026, com um ritmo mais acelerado do que o esperado pelo consenso de mercado.

Al√©m disso, ap√≥s conversas com investidores, a avalia√ß√£o geral do mercado √© de que uma mudan√ßa para a centro-direita no poder poderia ajudar a retomar a prud√™ncia fiscal ‚Äî algo que os mercados de t√≠tulos (e, consequentemente, as a√ß√µes) poderiam gostar.

Entre os catalisadores de curto prazo, o UBS aponta que: 1) a economia brasileira √© razoavelmente imune a riscos tarif√°rios, com menos de 5% do √≠ndice de receita vindo dos EUA e mais de 70% de origem dom√©stica; 2) o Brasil √© um dos mercados mais sens√≠veis ao pre√ßo do petr√≥leo e, geralmente, tem desempenho superior em ambientes de alta de pre√ßos do petr√≥leo.

A√ß√µes no portf√≥lio

Neste cen√°rio, em seu portfolio de a√ß√µes brasileiras dentro de Am√©rica Latina, o Brazil Model Portfolio, o Morgan adicionou as a√ß√µes da B3 (B3SA3) ap√≥s terem elevado recentemente o ativo para overweight, pois prev√™ que os investidores devam migrar da renda fixa para a√ß√µes, √† medida que as taxas de juros no Brasil caiam.

Por outro lado, exclu√≠ram Porto (PSSA3) ap√≥s o forte desempenho acumulado no ano e porque gostariam de abrir espa√ßo para a√ß√µes mais sens√≠veis √† taxa de juros, como B3. Suzano (SUZB3) tamb√©m foi removida pelo mesmo motivo.

O banco ainda possui exposi√ß√£o em XP Inc. (negociada na Nasdaq, BDR: XPBR31), BTG Pactual (BPAC11), ADR (recibo de a√ß√µes negociado na Bolsa de Nova York) do Bradesco (B3: BBDC4), ADR do Ita√∫ (ITUB4), Mercado Livre (BDR: MELI34), ativo da Sabesp (SBSP3), Motiva (MOTV3), Nubank (BDR: ROXO34), Iguatemi (IGTI11), ADR da Embraer (EMBR3), Banco do Brasil (BBAS3), Eletrobras ON (ELET3), JBS (JBSS3), SLC (SLCE3), Rumo (RAIL3), PRIO (PRIO3), ADR da Vale (VALE3), Gerdau (GGBR4), Usiminas (USIM5), Suzano (SUZB3) e ADR ON da Petrobras (PETR3).

J√° o JPMorgan destacou as seguintes a√ß√µes em seu portf√≥lio: Embraer (ADR: ERJ), Hypera (HYPE3), Marcopolo (POMO4), Multiplan (MULT3), Nubank (NY: NU), PRIO (PRIO3), RD Sa√∫de (RADL3), Sabesp (SBSP3), S√£o Martinho (SMTO3), Stone (NY: STNE), Suzano (SUZB3), Tenda (TEND3), Vale ON (ADR: VALE) e Yduqs (YDUQ3).",https://www.infomoney.com.br/mercados/interessante-inevitavel-2-fatores-que-guiam-otimismo-de-bancoes-com-acoes-do-brasil/
https://www.infomoney.com.br/economia/boletim-focus-projecoes-analistas-30062025/,xp,2025-06-30T11:42:04Z,Boletim Focus: analistas cortam proje√ß√£o de infla√ß√£o pela 5¬™ vez consecutiva - InfoMoney,nao representa risco,316,"A mediana para o c√¢mbio em 2025 recuou pela terceira vez seguida

Publicidade

As proje√ß√µes dos analistas para a infla√ß√£o neste ano foram revisadas para baixo pela quinta semana consecutiva, conforme divulgado no Relat√≥rio Focus do Banco Central nesta segunda-feira (30). A estimativa caiu de 5,24% para 5,20%.

J√° a mediana para o c√¢mbio em 2025 recuou de R$ 5,72 para R$ 5,70.

A proje√ß√£o do PIB, por sua vez, permaneceu em 2,21%.

Oportunidade na renda fixa internacional: acesse gratuitamente a sele√ß√£o mensal da XP para investir em moeda forte

Enquanto isso, a previs√£o para taxa b√°sica de juros neste ano ficou em 15%.

Infla√ß√£o

A proje√ß√£o para infla√ß√£o no pr√≥ximo ano permaneceu em 4,50%. A proje√ß√£o para 2027 ficou em 4,00%, enquanto para 2028, a estimativa ficou em 3,83%.

Continua depois da publicidade

Para o IGP-M, as proje√ß√µes para 2025 ca√≠ram de 3,70% para 2,37%, enquanto a estimativa para 2026 ficou em 4,50%. Para 2027 e 2028, a proje√ß√£o de infla√ß√£o ficou em 4%.

As expectativas para a varia√ß√£o dos pre√ßos administrados dentro do IPCA em 2025 caiu de 4,33% para 4,30%. As proje√ß√µes para 2026 ca√≠ram de 4,31% para 4,30%. Para 2027, a estimativa ficou em 4,00%, enquanto para 2028, a estimativa subiu de 3,79% para 3,80%.

C√¢mbio

Para 2026, a estimativa caiu de R$ 5,80 para 5,79, enquanto a proje√ß√£o permaneceu em R$ 5,75. Para 2028, a proje√ß√£o permaneceu em R$ 5,80.

Continua depois da publicidade

PIB

Para o produto interno bruto (PIB), a mediana das proje√ß√µes de 2026 subiu de 1,85% para 1,87%. A proje√ß√£o permaneceu ficou em 2,00% em 2027. Para 2028, a proje√ß√£o continuou em 2%, h√° 68 semanas.

Selic

A proje√ß√£o para 2026 ficou em 12,50%, enquanto para 2027 permaneceu em 10,50%. Para 2028, a estimativa permaneceu em 10% por 27 semanas.",https://www.infomoney.com.br/economia/boletim-focus-projecoes-analistas-30062025/
https://www.bloomberglinea.com.br/mercados/xp-sobe-a-barra-para-assessores-diz-benchimol/,xp,2025-06-30T10:26:25Z,"<b>XP</b> sobe a barra para assessores, diz Benchimol - Bloomberg L√≠nea",nao representa risco,711,"Bom dia! Este √© o Breakfast, o seu primeiro gole de not√≠cias

Tamb√©m no Breakfast: A doa√ß√£o de Buffett de US$ 6 bilh√µes em a√ß√µes da Berkshire | A receita do Madero para contornar a alta do boi gordo | Novo filme da F√≥rmula 1 chega ao topo das bilheterias

Bloomberg L√≠nea ‚Äî Este √© o Breakfast - o seu primeiro gole de not√≠cias. Uma sele√ß√£o da Bloomberg L√≠nea com os temas de destaque no mundo dos neg√≥cios e das finan√ßas. Bom dia!

Guilherme Benchimol se diz ‚Äúsuper otimista‚Äù com as perspectivas da XP Inc.

PUBLICIDADE

‚ÄúNossa meta para os pr√≥ximos cinco anos √© mais do que dobrar o nosso market share em investimentos‚Äù, disse o fundador e presidente do conselho de administra√ß√£o da XP em entrevista √† Bloomberg L√≠nea. Segundo ele, a XP tem 11% de participa√ß√£o desse mercado atualmente.

Para tanto, ser√° necess√°rio executar com sucesso um plano que tem como pilar central evoluir sobremaneira a qualidade do servi√ßo de assessoria de investimento hoje prestado a 5 milh√µes de clientes, que somavam R$ 1,8 trilh√£o em ativos sob gest√£o e administra√ß√£o ao fim do primeiro trimestre.

Para alcan√ßar esse objetivo, a XP vai adotar novas pr√°ticas no relacionamento com os escrit√≥rios de assessores.

PUBLICIDADE

‚ÄúVamos ser bastante duros para que os escrit√≥rios invistam para melhorar a qualidade do atendimento e isso ser√° verificado de diferentes formas. N√£o vamos mais trabalhar com assessores que n√£o apliquem isso na pr√°tica.‚Äù

‚áí Leia mais: Vamos ser duros com assessores para melhorar a qualidade do servi√ßo, diz Benchimol

Guilherme Benchimol, fundador e presidente do conselho da XP, em evento em 2024: empresa deve se tornar o maior player em investimentos do Brasil 'em breve'(S√©rgio Ripardo/Bloomberg L√≠nea)

No radar dos mercados

As a√ß√µes globais operam em alta nesta segunda-feira (30), impulsionadas pelo avan√ßo nas negocia√ß√µes comerciais entre o governo Trump e parceiros estrat√©gicos.

PUBLICIDADE

- √Åfrica do Sul na mira da Starlink.A empresa de Musk planeja investir cerca de US$ 112,7 milh√µes no pa√≠s-natal do empreendedor para obter uma licen√ßa de opera√ß√£o. O valor ser√° aplicado em infraestrutura para apoiar uma comunidade regional. A expectativa √© que um acordo seja fechado antes da c√∫pula do G20.

- Danantara busca empr√©stimo.O fundo soberano da Indon√©sia busca um empr√©stimo multimoeda recorde na regi√£o de at√© US$ 10 bilh√µes. O pedido foi enviado a bancos regionais e internacionais, com prazos de tr√™s a cinco anos. Os recursos ser√£o usados para fins corporativos gerais.

- Investimentos em IA.O co-CEO da Oaktree, Armen Panossian, alertou para o ‚Äúrisco de excessos‚Äù nos investimentos em intelig√™ncia artificial em entrevista √† Bloomberg News, comparando o momento ao boom de fibras √≥pticas. Apesar disso, Panossian v√™ grandes oportunidades de financiamento em todo o ecossistema de IA.

PUBLICIDADE

A√ß√µes globais 30/06/25

üîò As bolsas na sexta (27/06): Dow Jones Industrials (+1,00%), S&P 500 (+0,52%), Nasdaq Composite (+0,52%), Stoxx 600 (+1,14%), Ibovespa (-0,18%)

LEIA + Siga a trilha dos mercados para conhecer as vari√°veis que orientaram os investidores ‚Üí

Destaques da Bloomberg L√≠nea:

‚Ä¢ Buffett doa US$ 6 bi em a√ß√µes da Berkshire para institui√ß√µes de caridade

‚Ä¢ Da fraldinha ao ac√©m: como o Madero controla custos ap√≥s disparada do boi gordo

‚Ä¢ A Brookfield investiu em rodovias no Peru. Agora vive um pesadelo de US$ 2,7 bilh√µes

‚Üí E mais na vers√£o e-mail do Breakfast:

‚Ä¢ Tamb√©m √© importante: ‚ÄòDoce e simples‚Äô: vinho mais vendido do pa√≠s desafia preconceitos e fatura R$ 500 mi | Onda da moda outdoor impulsiona as vendas da Amer Sports, dona dos t√™nis Salomon

‚Ä¢ Opini√£o Bloomberg: Nike ensaia recupera√ß√£o. Mas tarifas e concorr√™ncia desafiam o plano do CEO

‚Ä¢ Para n√£o ficar de fora: ‚ÄòF1: O Filme‚Äô lidera as bilheterias nos EUA e arrecada US$ 55,6 mi na estreia

‚áí Essa foi uma amostra de Breakfast , a newsletter matinal da Bloomberg L√≠nea com as not√≠cias de destaque no Brasil e no mundo.

Para receber a √≠ntegra da newsletter na sua caixa de email, registre-se gratuitamente no nosso site.

Por hoje √© s√≥. Bom dia!

Obrigado por ler nossa newsletter matinal.

Equipe Breakfast: Marcelo Sakate (Editor-chefe, Brasil), Filipe Serrano (Editor s√™nior, Brasil), Daniel Buarque (Editor-assistente, Brasil) e Naiara Albuquerque (Editora-assistente, Brasil)",https://www.bloomberglinea.com.br/mercados/xp-sobe-a-barra-para-assessores-diz-benchimol/
https://valorinveste.globo.com/produtos/servicos-financeiros/noticia/2025/06/30/mais-ricos-estao-correndo-para-bancos-digitais-diz-pesquisa.ghtml,xp,2025-06-30T09:34:04Z,"Mais ricos est√£o correndo para bancos digitais, diz pesquisa | Servi√ßos Financeiros",nao representa risco,436,"Os bancos tradicionais est√£o perdendo espa√ßo entre os consumidores das classes A e B. Segundo uma pesquisa encomendada pelo C6 Bank √† Ipsos-Ipec , o n√∫mero de brasileiros que pertence √†s classes mais altas e que t√™m apenas contas em bancos digitais (sem ag√™ncias f√≠sicas) quase dobrou nos √∫ltimos tr√™s anos, saindo de 9% na edi√ß√£o do estudo em 2022 para 17% este ano, um aumento de oito pontos percentuais.

Segundo o levantamento, 59% do total de entrevistados j√° tem conta tanto em banco tradicional quanto em banco digital. A faixa et√°ria de 25 a 34 anos lidera esse grupo, com 65% dos respondentes mantendo contas nos dois tipos de banco. Entre os mais velhos, com 60 anos ou mais, esse percentual cai para 50%.

A prefer√™ncia tamb√©m fica mista entre as novas gera√ß√µes: entre os jovens de 16 a 24 anos, pouco mais da metade dos jovens (52%) t√™m conta nos dois tipos de institui√ß√£o, enquanto 31% t√™m apenas contas em bancos digitais, contra 14% que mant√™m conta apenas em bancos tradicionais.

A pesquisa foi realizada entre 27 de maio e 9 de junho de 2025, de forma online, e ouviu 2 mil pessoas com mais de 16 anos das classes A, B e C de todas as regi√µes do pa√≠s. A margem de erro √© de dois pontos percentuais.

O levantamento tamb√©m mostra que a maioria (69%) dos entrevistados concordam totalmente ou em parte com a seguinte afirma√ß√£o: ‚ÄúEu considero come√ßar a usar/planejo continuar usando uma conta de banco digital nos pr√≥ximos tr√™s anos.‚Äù Esse percentual sobe para 77% entre os mais jovens, com idade entre 16 e 24 anos.

Quando apresentada a afirma√ß√£o ""eu me sinto ou me sentiria confort√°vel em administrar minhas finan√ßas de forma digital, por aplicativo ou internet banking"", (independente do tipo de banco), a maior parte (70%) disse concordar totalmente ou em parte com essa ideia; a concord√¢ncia aumenta para 77% entre os respondentes com idade entre 25 e 34 anos.

Para a maioria dos entrevistados (66%), os bancos digitais tamb√©m s√£o percebidos com o melhor custo-benef√≠cio em compara√ß√£o aos bancos tradicionais. No recorte das respostas das classes A e B, esse percentual aumenta para 71%.

Segundo Gustavo Torres, chefe de inova√ß√£o e experi√™ncia do usu√°rio do C6 Bank, os n√∫meros refletem a busca crescente do brasileiro por conveni√™ncia e agilidade.

Al√©m disso, dos respondentes, 43% informaram que s√£o investidores, sendo que dessa parcela, mais da metade (53%) mant√©m seus investimentos apenas em bancos ou plataformas digitais que n√£o t√™m ag√™ncia f√≠sica.",https://valorinveste.globo.com/produtos/servicos-financeiros/noticia/2025/06/30/mais-ricos-estao-correndo-para-bancos-digitais-diz-pesquisa.ghtml
https://www.bloomberglinea.com.br/2025/06/30/vamos-ser-duros-com-os-assessores-para-melhorar-a-qualidade-do-servico-diz-benchimol/,xp,2025-06-30T09:30:07Z,"Vamos ser duros com assessores para melhorar a qualidade do servi√ßo, diz Benchimol",nao representa risco,1820,"Vamos ser duros para melhorar a qualidade do servi√ßo dos assessores, diz Benchimol |Guilherme Benchimol, fundador e presidente do conselho da XP, em evento em 2024: empresa deve se tornar o maior player em investimentos do Brasil 'em breve'(S√©rgio Ripardo/Bloomberg L√≠nea)

Em entrevista √† Bloomberg L√≠nea, Guilherme Benchimol, fundador e presidente do conselho da XP, fala da diretriz de aumentar o rigor com escrit√≥rios para perseguir ‚Äòexcel√™ncia‚Äô em assessoria e diz que a meta √© mais que dobrar o market share em cinco anos

Bloomberg L√≠nea ‚Äî Guilherme Benchimol se diz ‚Äúsuper otimista‚Äù com as perspectivas da XP Inc.

‚ÄúNossa meta para os pr√≥ximos cinco anos √© mais do que dobrar o nosso market share em investimentos‚Äù, disse o fundador e presidente do conselho de administra√ß√£o da XP (XP) em entrevista √† Bloomberg L√≠nea. Segundo ele, a XP tem 11% de participa√ß√£o desse mercado atualmente.

PUBLICIDADE

Alcan√ßar essa meta significar√°, no meio do caminho, se tornar a maior empresa de investimentos do pa√≠s pelo crit√©rio de ativos sob cust√≥dia, algo que Benchimol disse acreditar que acontecer√° ‚Äúem breve‚Äù.

Para tanto, ser√° necess√°rio executar com sucesso um plano que tem como pilar central evoluir sobremaneira a qualidade do servi√ßo de assessoria de investimento hoje prestado a 5 milh√µes de clientes, que somavam R$ 1,8 trilh√£o em ativos sob gest√£o e administra√ß√£o ao fim do primeiro trimestre deste ano.

Os ativos sob cust√≥dia estavam em R$ 1,3 trilh√£o.

PUBLICIDADE

Leia mais: HSBC: for√ßa na China e tecnologia para produtos refor√ßam expans√£o, diz CEO no Brasil

Benchimol ressaltou o potencial decorrente dessa abordagem, que descreveu como ‚Äúnosso maior desafio hoje‚Äù.

‚ÄúN√≥s conseguimos dobrar o tamanho da empresa sem trazer clientes novos. Basta que todos os clientes atuais invistam com a gente‚Äù, disse o empreendedor, que conversou com a Bloomberg L√≠nea neste domingo (29) antes de sua participa√ß√£o no Suno Invest, em S√£o Paulo, evento organizado pela Suno, da qual a XP √© acionista.

PUBLICIDADE

A implementa√ß√£o dessa estrat√©gia vai representar uma nova e relevante evolu√ß√£o para a empresa que completa 25 anos em 2026, segundo ele.

‚ÄúN√£o queremos continuar com essa toada de foco no produto. O foco e a prioridade est√£o no servi√ßo de assessoria e na qualidade dessa din√¢mica.‚Äù

Isso significa, portanto, mover um ‚Äúex√©rcito‚Äù com cerca de 20.000 assessores de investimento, sem contar times internos da pr√≥pria XP, para que possa transformar o que √© objetivo em pr√°ticas do dia a dia, que beneficiem os clientes.

PUBLICIDADE

‚ÄúHoje o desafio √© oferecer um servi√ßo de qualidade em que conseguimos entender quais s√£o os objetivos de longo prazo do cliente e montamos uma carteira que o ajude a conseguir atingir esses objetivos‚Äù, afirmou.

Ele fez refer√™ncia ao servi√ßo de financial planning, historicamente acess√≠vel apenas a investidores com patrim√¥nio mais elevado, como os de wealth e de private banking, mas que a XP tem buscado levar para o segmento de varejo.

‚ÄúCada vez mais a capacidade desse time [de 20.000 assessores] de se aproximar das pessoas, de levar o tema ‚Äòinvestimento‚Äô para perto delas e de fazer a diferen√ßa na vida √© o que vai nos aproximar do sucesso l√° na frente.‚Äù

Segundo dados do primeiro trimestre, o servi√ßo de financial planning chegava ao equivalente a 9% da base de clientes: a meta para o fim de 2025 √© atingir 20%.

Benchimol disse avaliar que a empresa est√° no caminho certo.

‚ÄúN√≥s estamos executando bem, mas √© um processo.‚Äù

Ele citou o encontro rec√©m-realizado em Mendoza, na Argentina, com cerca de 700 profissionais de escrit√≥rios de assessoria, em que o principal tema de discuss√£o foi justamente como atingir n√≠veis de excel√™ncia no atendimento ao investidor.

Leia mais: BTG compra √°rea de wealth da JGP, de Jakurski, e chega a R$ 120 bi em family office

‚ÄúComo conseguimos mostrar ao cliente que nosso servi√ßo √© excepcional e que n√≥s o ajudamos a conquistar a sua liberdade financeira de longo prazo?‚Äù

Segundo o fundador da XP, atingir esse n√≠vel de qualidade significaria de forma idealista atingir o ‚Äúchurn zero"" e o ""share of wallet de 100%‚Äù, em refer√™ncia √†s m√©tricas que medem perda do cliente e n√≠vel de concentra√ß√£o dos recursos do investidor em uma institui√ß√£o financeira, respectivamente.

No segundo caso, a XP desenvolveu ao longo dos √∫ltimos anos diferentes verticais de produtos justamente para refor√ßar esse relacionamento, de cart√£o de cr√©dito e conta corrente a seguros e banco de atacado.

‚ÄúHoje a jornada est√° completa, ao mesmo tempo em que ficamos mais rent√°veis porque ganhamos escala e nos tornamos uma empresa cada vez mais eficiente‚Äù, disse Benchimol.

O desafio, segundo ele, √© mostrar aos assessores da import√¢ncia de falar do tema de produtos adicionais e como isso representa a oportunidade de aumentar o LTV (Lifetime Value, valor gasto ao longo de uma rela√ß√£o) do cliente.

Exig√™ncias para os escrit√≥rios

Para alcan√ßar esse objetivo, a XP vai adotar novas pr√°ticas no relacionamento com os escrit√≥rios. ‚ÄúO que vamos fazer a partir de agora, e acertamos isso em Mendoza, √© exigir um n√≠vel de atendimento m√≠nimo de cada escrit√≥rio.‚Äù

‚ÄúVamos ser bastante duros para que os escrit√≥rios invistam para melhorar a qualidade do atendimento e isso ser√° verificado de diferentes formas. N√£o vamos mais trabalhar com assessores que n√£o comprem essa vis√£o e que n√£o apliquem isso na pr√°tica‚Äù, disse Benchimol.

Entre os indicadores que ser√£o acompanhados pela XP junto aos escrit√≥rios est√£o NPS (Net Promoter Score), contato m√≠nimo, share of wallet m√≠nimo e cross-sell m√≠nimo, entre outros. ‚ÄúS√£o temas b√°sicos‚Äù, disse.

Segundo o chairman da XP, implementar esses conceitos ‚Äúvai gerar evidentemente um desconforto neles, mas isso √© o que leva a evolu√≠-los e a crescerem no tempo, que √© o que desejam.‚Äù

Leia mais: XP colhe os frutos de oferta 360¬∫ e chega a 150 escrit√≥rios no ‚Äòclube do bilh√£o‚Äô

No contexto de mercado, a diretriz de aumentar o rigor com a qualidade do servi√ßo prestado, por sua vez, pode ajudar a endere√ßar a quest√£o de reclama√ß√µes de investidores que se dizem prejudicados por recomenda√ß√µes inadequadas de assessores.

Essa busca pela barra mais alta e por chamar a aten√ß√£o dos assessores de modo geral, por outro lado, n√£o √© exatamente nova. Vem da inquietude e do estilo de gest√£o de Benchimol ao longo da trajet√≥ria da XP, em diferentes ocasi√µes, inclusive com s√≥cios e executivos.

No caso da rede de escrit√≥rios e assessores de investimento, remete mais recentemente ao e-mail que mandou h√° pouco mais de dois anos, com o assunto ‚ÄúBack to the Basics‚Äù, que viralizou ao ‚Äúvazar‚Äù para as redes sociais.

Na mensagem √† √©poca, o fundador da XP disse que via assessores conformados e que chegavam a deixar clientes abandonados, o que gerou contesta√ß√µes e cr√≠ticas de volta de alguns escrit√≥rios.

‚ÄúFoi super importante‚Äù, disse Benchimol em uma reflex√£o sobre a mensagem, citando o avan√ßo que a XP obteve desde ent√£o, com expans√£o de cerca de 35% em ativos sob cust√≥dia, o que incluiu superar a marca de R$ 1 trilh√£o.

‚ÄúNo fim, √© um desafio quando voc√™ atravessa um per√≠odo de abund√¢ncia muito grande‚Äù, afirmou ao se referir ao per√≠odo prolongado de juros de um d√≠gito, igual ou abaixo de 6,50% ao ano, em que o mercado deu um salto.

Leia mais: Com impulso macro, Empiricus antev√™ novo ciclo para bolsa e rali de small caps

A quest√£o de cultura corporativa √© um tema caro para Benchimol.

Ele disse avaliar que a empresa tem conseguido sustentar o crescimento ao mesmo tempo em que fortalece a cultura, que, no caso da XP, √© conhecida na Faria Lima pela exig√™ncia de performance.

‚ÄúS√£o hoje mais ou menos 8.000 funcion√°rios e a forma como encaramos o tema de pessoas √© muito objetivo: voc√™ n√£o vai ascender se n√£o for capaz de atingir as suas metas ‚Äòimposs√≠veis‚Äô e, acima de tudo, se n√£o tiver uma nota muito boa de cultura.‚Äù

‚ÄúIsso garante que s√≥ vai ascender na empresa quem tiver uma cultura muito forte e que as discuss√µes sejam de muito alto n√≠vel‚Äù, defendeu.

Nesse sentido, Benchimol disse que os funcion√°rios da XP v√£o voltar integralmente ao escrit√≥rio nos pr√≥ximos seis meses, salvo algumas exce√ß√µes.

At√© ent√£o, a empresa adotava ainda um modelo h√≠brido, que contemplava a ida ao escrit√≥rio de tr√™s a cinco dias por semana.

Para abrigar os funcion√°rios de volta, a empresa fechou a loca√ß√£o de andares no novo Edif√≠cio Luna, que ser√° entregue no segundo semestre na Ch√°cara Santo Ant√¥nio, na zona sul de S√£o Paulo. Ser√° uma esp√©cie de segunda sede, que vai complementar a que j√° funciona no complexo S√£o Paulo Corporate Towers, na Vila Ol√≠mpia.

Benchimol comentou sobre o projeto da Villa XP, anunciado em 2020, no in√≠cio da pandemia, que funcionaria como uma sede no interior paulista.

‚ÄúAquilo foi um erro. E n√≥s corrigimos‚Äù, resumiu, em refer√™ncia ao abandono do projeto.

Desconcentra√ß√£o banc√°ria ‚Äòs√≥ no come√ßo‚Äô

Benchimol analisou o novo momento da empresa √† luz da evolu√ß√£o do mercado de investimentos no pa√≠s, da qual a pr√≥pria XP desempenhou - e ainda exerce - papel relevante.

‚ÄúQuando come√ßamos, o desafio era dar acesso aos clientes [a investimentos]. Os bancos eram muito fechados. Se voc√™ abria conta em um banco, s√≥ tinha acesso a fundos e t√≠tulos desse banco. Depois trouxemos o assessor de investimento, algu√©m que acompanha a vida do cliente‚Äù, disse o empreendedor.

Ele citou a vis√£o mais ampla de mercado para justificar a seu otimismo.

‚ÄúNo passado, a concentra√ß√£o banc√°ria era maior. Mas o volume de dinheiro que est√° dentro dos bancos √© muito maior hoje. Ou seja, essa din√¢mica [de redu√ß√£o da concentra√ß√£o] ainda segue no come√ßo‚Äù, disse Benchimol.

Leia mais: BlackRock aposta em expans√£o de cr√©dito privado entre family offices em LatAm

Ele disse que, a despeito da evolu√ß√£o de mercado, bancos continuam a enfrentar desafios no relacionamento com clientes.

‚ÄúA XP √© uma empresa de investimentos, e as pessoas no Brasil ainda investem por meio dos bancos, que possuem um conflito de interesses estrutural porque precisam vender o CDB deles, pois o seu neg√≥cio √© cr√©dito. Ou seja, precisam captar barato com o CDI para depois emprestar mais caro‚Äù, afirmou.

√â um processo de migra√ß√£o que tem continuado a acontecer nos √∫ltimos anos a despeito do quadro macroecon√¥mico desfavor√°vel, segundo ele.

‚ÄúEm todo lugar do mundo, se voc√™ quer investir, tem que aprender a diversificar, a assumir riscos, a alongar seus investimentos, mas, quando h√° essa confus√£o nas contas p√∫blicas, o investidor pensa que basta comprar um CDB de um banco ou um t√≠tulo do governo, e as coisas ficam um pouco mais lentas.‚Äù

‚ÄúQuando o governo n√£o administra bem as contas p√∫blicas, o dinheiro fica mais caro porque os juros s√£o mais altos‚Äù, resumiu.

Leia tamb√©m

Benchimol v√™ assessores ‚Äòabandonando‚Äô clientes, e escrit√≥rio rebate cr√≠ticas

Alvarez & Marsal traz Fernando Szterling como s√≥cio para avan√ßar em financial advisory

Al√©m de investir: Rico estreia em cr√©dito, aposta em oferta completa e acelera metas",https://www.bloomberglinea.com.br/2025/06/30/vamos-ser-duros-com-os-assessores-para-melhorar-a-qualidade-do-servico-diz-benchimol/
https://valorinveste.globo.com/produtos/investimento-no-exterior/noticia/2025/06/30/quer-investir-la-fora-dolar-enfraquecido-e-janela-estrategica-para-isso.ghtml,xp,2025-06-30T09:25:24Z,Quer <b>investir</b> l√° fora? D√≥lar enfraquecido √© janela estrat√©gica para isso,nao representa risco,655,"O d√≥lar segue em trajet√≥ria de queda este ano frente ao real. No entanto, a moeda norte-americana segue como principal √¢ncora de prote√ß√£o patrimonial de longo prazo para o brasileiro, segundo a XP Investimentos, que enxerga o atual momento de queda como uma janela estrat√©gica para diversifica√ß√£o internacional com o c√¢mbio mais atrativo.

A institui√ß√£o ‚Äî que sugere, desde abril, uma aloca√ß√£o m√≠nima de 15% do patrim√¥nio diretamente no exterior ‚Äî recomenda que todo investidor tenha exposi√ß√£o internacional, variando conforme o perfil.

Segundo Rachel de S√°, estrategista de investimentos da XP, essa perda de for√ßa do d√≥lar acontece em raz√£o de uma combina√ß√£o de fatores estruturais e conjunturais.

‚ÄúEstamos diante de um movimento global de desdolariza√ß√£o parcial, com outras moedas ganhando espa√ßo e os fluxos internacionais buscando alternativas al√©m do 'privil√©gio exorbitante' dos Estados Unidos e da instabilidade institucional, marca da administra√ß√£o Trump. Isso inclui tanto outras economias desenvolvidas, como Europa e Jap√£o, al√©m de emergentes, como o Brasil‚Äù , diz ela.

No ambiente dom√©stico, a Selic est√° em 15% ao ano, n√≠vel mais alto desde 2006, enquanto o Fed (banco central norte-americano) manteve os juros dos Estados Unidos inalterados entre 4,25% e 4,5%. Neste cen√°rio, a XP pontua que o Brasil passou a registrar a segunda maior taxa de juro real do mundo, com retorno ajustado pela infla√ß√£o acima de 9,5% ao ano, atr√°s apenas da Turquia, o que recoloca o pa√≠s no radar de investidores que buscam rendimento.

Isso porque a Selic est√° no atual patamar justamente por causa do avan√ßo da infla√ß√£o no pa√≠s j√° que o BC eleva a taxa b√°sica de juros para tentar conter o avan√ßo do IPCA. Por outro lado, parte da cesta de produtos das fam√≠lias brasileiras √© dolarizada, o que faz com que a internacionaliza√ß√£o do portf√≥lio de investimentos traga uma seguran√ßa no poder de compra do brasileiro. E se o d√≥lar passa a cair, √© um bom momento de entrada para come√ßar a fazer esse tipo de prote√ß√£o.

‚ÄúIndependentemente do patamar do d√≥lar no Brasil e no mundo, a moeda norte-americana segue uma importante √¢ncora para a manuten√ß√£o do poder de compra do brasileiro ao longo do tempo ‚Äì uma vez que a varia√ß√£o do c√¢mbio tem impacto direto nos pre√ßos de boa parte dos bens e servi√ßos consumidos aqui no Brasil. Al√©m disso, momentos como o atual ilustram como a diversifica√ß√£o global √© essencial para mitigar riscos e equilibr√°-los com oportunidades em cen√°rios de volatilidade elevada‚Äù, pontua Rachel.

Apesar do retorno elevado da renda fixa local, Diego Correia, l√≠der executivo na √°rea de investimentos internacionais da XP, concorda que investir no exterior continua fazendo muito sentido, sendo uma escolha que amplia o horizonte do investidor ao oferecer diversifica√ß√£o geogr√°fica, prote√ß√£o cambial e acesso a segmentos e ativos que n√£o est√£o dispon√≠veis na bolsa brasileira.

""Investir fora do Brasil oferece descorrela√ß√£o com os ativos dom√©sticos, algo essencial para a resili√™ncia da carteira. Acredito que seja um sonho para o investidor verificar que at√© certo n√≠vel sua carteira pode oscilar em dire√ß√µes opostas: quando parte dela desvaloriza, a outra ganha, e vice-versa‚Äù, diz Correia.

Para se ter ideia disso, a XP explica que atualmente o Brasil representa apenas 2% do total de ativos financeiros globais, ou seja: quem investe exclusivamente no pa√≠s ""est√° deixando 98% das oportunidades na mesa e se expondo integralmente a economia de um √∫nico pa√≠s"", segundo a institui√ß√£o.

Essa internacionaliza√ß√£o, por√©m, deve ser feita de forma gradual, com foco em equil√≠brio entre retorno, prote√ß√£o e diversifica√ß√£o e que o perfil de risco e os objetivos de cada investidor seja respeitado na hora das escolhas.

Segundo a XP, para quem busca uma composi√ß√£o estrat√©gica entre ativos locais e globais, o ideal √© n√£o tentar acertar um timing (momento certo) de entrada, mas ""incluir a aloca√ß√£o e diversifica√ß√£o geogr√°fica como parte essencial da estrat√©gia de longo prazo"".",https://valorinveste.globo.com/produtos/investimento-no-exterior/noticia/2025/06/30/quer-investir-la-fora-dolar-enfraquecido-e-janela-estrategica-para-isso.ghtml
https://www.otempo.com.br/brasil/2025/6/30/justica-decide-que-empresas-nao-precisam-pagar-por-perdas-na-bolsa-de-valores,xp,2025-06-30T15:41:12Z,Justi√ßa decide que empresas n√£o precisam pagar por perdas na bolsa de valores,nao representa risco,255,"A 17¬™ C√¢mara C√≠vel do Tribunal de Justi√ßa de Minas Gerais (TJMG) manteve a senten√ßa que livra duas empresas do setor financeiro de indenizar um cliente que teve preju√≠zo de mais de R$ 120 mil ao investir na bolsa de valores.

Segundo o processo, o homem foi orientado por consultores da empresa Valor Investimentos, credenciada pela XP Investimentos, e realizou aportes que somaram cerca de R$ 145 mil. A promessa, segundo ele, era de retorno financeiro alto em pouco tempo. No entanto, ap√≥s seguir as sugest√µes de compra, ele amargou um preju√≠zo superior a R$ 120 mil.

Inconformado, entrou na Justi√ßa pedindo indeniza√ß√£o por danos materiais e morais, alegando m√° orienta√ß√£o. Em sua defesa, as empresas sustentaram que o mercado de a√ß√µes envolve riscos e que n√£o h√° garantia de retorno, tese acatada pela 15¬™ Vara C√≠vel de Belo Horizonte.

O investidor recorreu, mas o TJMG manteve a decis√£o. O relator, desembargador Amauri Pinto Ferreira, destacou que os investimentos na bolsa s√£o marcados por volatilidade e que o investidor, ao aceitar participar, assume tamb√©m o risco de preju√≠zo.

‚ÄúO investidor assume expressamente os riscos inerentes √† atividade, ficando sujeito a ganhos, mas tamb√©m a perdas vultosas‚Äù, afirmou o magistrado.

Os desembargadores Baeta Neves e Evandro Lopes da Costa Teixeira acompanharam o voto do relator. A decis√£o ainda √© pass√≠vel de recurso.

Para mais decis√µes da Justi√ßa em temas econ√¥micos e financeiros, acompanhe a editoria Brasil de O TEMPO.",https://www.otempo.com.br/brasil/2025/6/30/justica-decide-que-empresas-nao-precisam-pagar-por-perdas-na-bolsa-de-valores
https://www.melhorescartoes.com.br/novo-cartao-xp-legacy.html,xp,2025-06-30T15:35:35Z,"Novidade! <b>XP</b> lan√ßa novo cart√£o de metal com at√© 7,5 pontos por d√≥lar e salas VIP ilimitadas",nao representa risco,824,"O XP Visa Infinite Legacy √© o mais novo cart√£o de cr√©dito de metal da XP Investimentos, voltado para o p√∫blico de alta renda.

A novidade, no entanto, j√° era esperada. No in√≠cio do m√™s, divulgamos aqui no Melhores Cart√µes, em primeira m√£o, que a XP lan√ßaria um novo cart√£o de cr√©dito ainda esse ano, mas at√© ent√£o os detalhes sobre o novo produto n√£o haviam sido revelados.

De bandeira Visa Infinite, o Legacy est√° posicionado entre o XP Visa Infinite e o rec√©m-lan√ßado XP Visa Infinite Privilege. Para solicitar o cart√£o, √© necess√°rio ter patrim√¥nio investido de, pelo menos, R$ 1 milh√£o.

Benef√≠cios do cart√£o XP Visa Infinite Legacy

Os clientes que tiverem acesso ao XP Legacy poder√£o escolher entre o benef√≠cio de cashback (investback) ou pontos acumulados na Livelo, como j√° funciona com outros cart√µes da XP. Confira:

Cashback (investback): 1,5% (compras nacionais) ou 1,75% (compras internacionais online).

1,5% (compras nacionais) ou 1,75% (compras internacionais online). Pontua√ß√£o: 3,0 pontos por d√≥lar gasto (compras nacionais) e 3,5 por d√≥lar gasto (compras internacionais online).

Al√©m disso, o XP Legacy tamb√©m disp√µe do chamado IOF Especial, que turbina ambos os benef√≠cios:

Cashback (investback): +2,28% por d√≥lar gasto ‚Äì chegando a 4,03%.

+2,28% por d√≥lar gasto ‚Äì chegando a 4,03%. Pontua√ß√£o: +4,0 pontos por d√≥lar gasto ‚Äì chegando a 7,5 pontos.

O IOF Especial, no entanto, √© v√°lido somente para compras com cart√£o no exterior. Ou seja, n√£o vale para compras internacionais online.

Apesar de chamar aten√ß√£o com o IOF Especial, a XP n√£o informou qual ser√° o spread comprado no XP Legacy, que pode encarecer e inviabilizar o uso do cart√£o de cr√©dito no exterior, mesmo com o alto cashback e pontua√ß√£o.

Outro benef√≠cio do XP Legacy √© o acesso ilimitado a salas VIP via Dragon Pass/Visa Airport Companion, com direito a 12 convidados por ano. Al√©m de concierge exclusivo e as vantagens da bandeira Visa Infinite.

O valor da anuidade do cart√£o ainda n√£o foi divulgado. Mas j√° se sabe que os clientes com investimentos acima de R$ 3 milh√µes na XP ou com gastos de R$ 40.000 por fatura ter√£o isen√ß√£o total da tarifa.

O XP Legacy estar√° dispon√≠vel para solicita√ß√µes a partir de julho para os clientes que atenderem aos crit√©rios de elegibilidade, diretamente no app da XP. Clique aqui para saber mais.

Cart√µes XP Visa Infinite

Com a chegada do XP Legacy, a corretora soma 4 cart√µes de cr√©dito. A seguir, confira a lista com os principais benef√≠cios de cada um.

Cart√£o Salas VIP Pontua√ß√£o Cashback/Investback Anuidade XP Visa Infinite One 2 acessos gratuitos pelo Dragonpass/Visa Airport Companion* At√© 2,2 pontos por d√≥lar At√© R$ 1.500 ‚Äì 0%

Entre R$ 1.500 e R$ 3.000 ‚Äì 0,5%

Acima de R$ 3.000 ‚Äì 1% Gr√°tis XP Visa Infinite 4 acessos gratuitos pelo Dragonpass/Visa Airport Companion* At√© 2,2 pontos por d√≥lar 1% Gr√°tis XP Visa Infinite Legacy Acessos ilimitados pelo Dragonpass/Visa Airport Companion com at√© 12 convidados At√© 3,5 pontos por d√≥lar At√© 4,03% ‚Äì XP Visa Infinite Privilege Acessos ilimitados pelo Dragonpass/VAC e acesso gratuito ao Visa Infinite Privilege Lounge com at√© 20 convidados At√© 4,5 pontos por d√≥lar At√© 2,5% ‚Äì

*com gasto m√≠nimo de R$3.000 na fatura.

Semelhan√ßa com o cart√£o BTG Ultrablue

√â imposs√≠vel n√£o comparar o XP Legacy com o Ultrablue BTG Pactual, lan√ßado ano passado. Apesar do concorrente ter a bandeira Mastercard Black, s√£o muitas as semelhan√ßas em rela√ß√£o √† pontua√ß√£o, cashback, salas VIP ilimitadas, IOF Especial e por a√≠ vai.

Veja o comparativo entre o novo cart√£o da XP Investimentos e o do BTG Pactual, ambos feitos em metal:

XP Visa Infinite Legacy BTG Mastercard Black Ultrablue Pontua√ß√£o at√© 3,5 pontos por d√≥lar at√© 3,5 pontos por d√≥lar Cashback at√© 1,75% na fatura at√© 1,7% na fatura Salas VIP Acessos ilimitados pelo Dragonpass/Visa Airport Companion com 12 convidados Acesso ilimitado √†s salas VIP LoungeKey, com direito a 12 convidados por ano Requisitos Investimentos a partir de R$ 1 milh√£o Investimentos a partir de R$ 1 milh√£o IOF Especial +2,28% de cashback ou +4,0 pontos +3,28% de cashback em compras internacionais Anuidade ‚Äì 12x de R$ 400 (R$ 4.800/ano)

Vale lembrar tamb√©m que ainda h√° expectativas do BTG Pactual lan√ßar um novo cart√£o ultra exclusivo (relembre aqui), que deve bater de frente com o XP Visa Infinite Privilege.

Veja tamb√©m:

Baixe nosso app gr√°tis e n√£o perca as melhores oportunidades

Quer ser avisado gratuitamente no seu celular das melhores promo√ß√µes de cart√µes de cr√©dito, pontos e milhas, salas VIP, cupons e descontos imperd√≠veis? Baixe o app do Melhores Cart√µes e comece a economizar pra valer!

Al√©m de alertas sobre as promo√ß√µes e novidades mais importantes, o aplicativo possui duas √°reas exclusivas que mostram as melhores promo√ß√µes que est√£o valendo naquele momento, para voc√™ n√£o perder mais nenhuma oportunidade! E voc√™ ainda pode escolher que tipos de notifica√ß√µes deseja receber. Baixe agora!",https://www.melhorescartoes.com.br/novo-cartao-xp-legacy.html
https://www.infomoney.com.br/minhas-financas/xp-lanca-cartao-xp-legacy-e-reforca-sua-presenca-no-segmento-de-alta-renda/,xp,2025-06-30T15:24:53Z,<b>XP</b> lan√ßa Cart√£o <b>XP</b> Legacy e refor√ßa sua presen√ßa no segmento de alta renda - InfoMoney,nao representa risco,784,"Produto √© direcionado a clientes com patrim√¥nio superior a R$ 1 milh√£o e oferece experi√™ncia exclusiva conectada √† plataforma XP

Publicidade

A XP anuncia nesta segunda-feira (30) o lan√ßamento do XP Legacy, um novo cart√£o de cr√©dito com bandeira Visa Infinite, voltado a clientes com patrim√¥nio acima de R$ 1 milh√£o.

A novidade refor√ßa a atua√ß√£o da XP no segmento de alta renda e amplia a fam√≠lia de cart√µes de cr√©dito da companhia, com uma proposta que vai al√©m dos benef√≠cios tradicionais da categoria Infinite e estabelece um novo padr√£o de experi√™ncia na jornada do investidor.

Entre aqui na lista de espera pelo novo Cart√£o XP Legacy

Continua depois da publicidade

O cart√£o chega ao mercado com o objetivo de aprofundar o relacionamento da XP com seus clientes de maior patrim√¥nio, oferecendo uma experi√™ncia completa, que une plataforma de investimentos, servi√ßos financeiros e lifestyle em um √∫nico ecossistema.

Mais do que um meio de pagamento, o Cart√£o XP Legacy √© uma extens√£o da proposta de valor da XP: entregar excel√™ncia, personaliza√ß√£o e conveni√™ncia em todos os pontos de contato com o investidor.

‚ÄúO lan√ßamento do Cart√£o XP Legacy representa um avan√ßo importante na nossa estrat√©gia de oferecer solu√ß√µes completas para clientes de alto patrim√¥nio. Este cart√£o traduz o que acreditamos ser a nova fronteira de relacionamento financeiro, entregando servi√ßos de alto n√≠vel para quem busca performance e experi√™ncias memor√°veis‚Äù, afirma Cesar Chicayban, CEO da XP Private Bank.

Continua depois da publicidade

Cart√£o XP

O Cart√£o XP Legacy proporciona aos clientes uma jornada diferenciada, com concierge exclusivo e um servi√ßo de alto padr√£o para quem busca experi√™ncias de viagem sob medida.

Entre os diferenciais est√£o:

reservas em restaurantes premiados,

estadias em hot√©is de luxo,

descontos em fretamento de aeronaves e

aluguel de embarca√ß√µes.

Com solu√ß√µes sofisticadas, o cart√£o tamb√©m oferece a possibilidade de contratar servi√ßos adicionais como a consultoria para vistos e passaportes e Personal Assistant para apoiar em tarefas do dia a dia.

Continua depois da publicidade

Entre aqui na lista de espera pelo novo Cart√£o XP Legacy

Benef√≠cios:

J√° entre os benef√≠cios financeiros, o Cart√£o XP Legacy oferece um programa de Investback competitivo.

Continua depois da publicidade

Em compras nacionais , garante o retorno de at√© 1,5% por real gasto.

, garante o retorno de at√© 1,5% por real gasto. Nas compras internacionais os clientes recebem at√© 4,03% em Investback ou o ac√∫mulo de at√© 7,5 pontos por d√≥lar gasto.

O cart√£o, com design met√°lico e acabamento marcante, tamb√©m assume um papel aspiracional dentro da base de clientes da XP. O processo criativo foi constru√≠do a partir da escuta ativa dos nossos clientes ‚Äî suas sugest√µes e percep√ß√µes guiaram as principais decis√µes de design e posicionamento.

‚ÄúDesenvolvido para atender √†s necessidades do cliente com estilo de vida sofisticado, o Legacy tamb√©m √© um s√≠mbolo de diferencia√ß√£o, alinhado √† proposta da XP de ser a institui√ß√£o financeira n√∫mero um para os investidores. Integrado de forma nativa ao aplicativo XP e √† assessoria personalizada da companhia, o XP Legacy refor√ßa a vis√£o de oferecer uma experi√™ncia unificada, inteligente e fluida para o cliente investidor‚Äù, diz Ciro Moreira, Head de Cart√µes da XP Inc.

‚ÄúA novidade tamb√©m marca o in√≠cio de parcerias estrat√©gicas com marcas premium que ainda n√£o faziam parte do ecossistema XP, ampliando o leque de vantagens para um p√∫blico exigente e em busca de exclusividade‚Äù, acrescenta.

Continua depois da publicidade

Entre aqui na lista de espera pelo novo Cart√£o XP Legacy

Fam√≠lia de cart√µes de cr√©dito XP

O XP Legacy faz parte da estrat√©gia de expans√£o da fam√≠lia de cart√µes de cr√©dito da XP, composta atualmente por quatro modelos: XP One, XP Infinite, XP Legacy e XP Privilege.

XP One √© o cart√£o de entrada da marca, com anuidade gratuita, at√© 1% de investback e at√© dois acessos a salas VIP por ano, ideal para investidores em in√≠cio de jornada.

XP Infinite oferece benef√≠cios ampliados, como at√© 1,5% de investback, at√© quatro acessos a salas VIP e condi√ß√µes especiais em viagens.

XP Legacy: Voltado a clientes com patrim√¥nio a partir de R$ 1 milh√£o, o cart√£o entrega uma experi√™ncia mais sofisticada com concierge exclusivo, pontua√ß√£o de at√© 3,5 pontos por d√≥lar gasto e acesso preferencial a experi√™ncias exclusivas.

XP Privilege √© direcionado a clientes com mais de R$ 30 milh√µes em patrim√¥nio e acesso por convite, com servi√ßos ultrapersonalizados, para quem busca exclusividade e excel√™ncia em cada detalhe.

Juntos, os quatro produtos refor√ßam o compromisso da XP em entregar solu√ß√µes financeiras completas, conectadas ao estilo de vida e √†s necessidades de cada perfil de investidor.

Entre aqui na lista de espera pelo novo Cart√£o XP Legacy",https://www.infomoney.com.br/minhas-financas/xp-lanca-cartao-xp-legacy-e-reforca-sua-presenca-no-segmento-de-alta-renda/
https://opetroleo.com.br/banco-bv-lanca-cdb-de-120-do-cdi-com-liquidez-diaria-vale-a-pena/,xp,2025-06-30T14:26:40Z,Banco BV lan√ßa CDB de 120% do CDI com liquidez di√°ria: vale a pena? - O Petr√≥leo,nao representa risco,795,"Em meio ao ambiente de juros elevados, o Banco BV lan√ßou uma proposta que est√° chamando aten√ß√£o de investidores de renda fixa: um CDB de liquidez di√°ria com rentabilidade de 120% do CDI. A oferta, no entanto, vem acompanhada de regras, prazos e limita√ß√µes importantes. Mas ser√° que essa aplica√ß√£o √© uma oportunidade imperd√≠vel ou uma cilada disfar√ßada de rentabilidade acima da m√©dia?

Neste artigo, vamos detalhar todos os pontos do investimento, analisar a solidez do Banco BV, entender os riscos envolvidos e apresentar uma simula√ß√£o completa de quanto voc√™ pode ganhar.

O que √© o CDB de 120% do CDI do Banco BV?

O Banco BV est√° promovendo um CDB de liquidez di√°ria que rende 120% do CDI, acima da m√©dia oferecida no mercado atualmente, que gira entre 100% e 105% do CDI. Essa taxa, bastante atrativa, est√° dispon√≠vel exclusivamente para novos clientes da institui√ß√£o e limitada a aplica√ß√µes de at√© R$ 50 mil.

Principais caracter√≠sticas:

Rentabilidade: 120% do CDI

Liquidez: di√°ria, com possibilidade de resgate em qualquer dia √∫til

Prazo m√°ximo: 6 meses

Aplica√ß√£o m√≠nima: R$ 1

Aplica√ß√£o m√°xima: R$ 50.000

Campanha v√°lida at√©: agosto de 2025

Tributa√ß√£o: Imposto de Renda regressivo (22,5% para resgates em at√© 180 dias)

Quem pode investir?

Somente clientes do Banco BV com conta digital ativa podem acessar o CDB promocional. A estrat√©gia da institui√ß√£o √© clara: atrair novos correntistas com uma proposta de rendimento acima da m√©dia e condi√ß√µes acess√≠veis, mas com prazo e valores limitados para conter riscos.

H√° risco nesse CDB?

Solidez do Banco BV

O Banco BV integra o grupo Votorantim, um dos conglomerados financeiros mais tradicionais do Brasil. Segundo dados do Banco Data:

√çndice de Basileia: 16,2% (m√≠nimo exigido pelo Banco Central √© de 11%)

√çndice de Imobiliza√ß√£o: 7,9% (bem abaixo do m√°ximo permitido de 50%)

Lucro l√≠quido recorrente: acima de R$ 1 bilh√£o/ano nos √∫ltimos 5 anos

Esses indicadores demonstram solidez financeira, boa gest√£o de risco e capacidade de honrar compromissos com investidores.

Al√©m disso, o investimento conta com a prote√ß√£o do FGC (Fundo Garantidor de Cr√©ditos) at√© o limite de R$ 250 mil por CPF por institui√ß√£o financeira.

Quais s√£o as limita√ß√µes?

Apesar da alta rentabilidade, o CDB possui algumas restri√ß√µes que o investidor deve considerar antes de aplicar:

Valor m√°ximo por CPF: R$ 50 mil

Prazo de vencimento fixo: 6 meses

Campanha √∫nica: n√£o permite reinvestimento nas mesmas condi√ß√µes

Tributa√ß√£o elevada: como o prazo √© curto, o IR cobrado ser√° de 22,5%, reduzindo a rentabilidade l√≠quida

Ou seja, n√£o √© um investimento de longo prazo e n√£o substitui uma carteira diversificada de renda fixa. √â uma oportunidade t√°tica, ideal para quem tem liquidez dispon√≠vel e quer aproveitar a promo√ß√£o.

Comparativo com outras institui√ß√µes

Promo√ß√µes como essa n√£o s√£o novidade. A XP Investimentos, por exemplo, j√° ofereceu CDBs promocionais de 150% do CDI com liquidez di√°ria, tamb√©m com valores limitados e prazos curtos.

Essas a√ß√µes t√™m como objetivo atrair cadastros e capta√ß√£o inicial de recursos, e n√£o representar uma nova tend√™ncia permanente de mercado. Portanto, √© importante ficar atento √†s condi√ß√µes e n√£o contar com essa taxa como recorrente para o futuro.

Simula√ß√£o: quanto rende R$ 50 mil?

Com base no CDI atual (14,9% ao ano), aplicando R$ 50.000 por 6 meses a 120% do CDI, o resultado bruto seria:

Valor final bruto: R$ 53.591,21

Imposto de Renda (22,5% sobre os rendimentos): R$ 808,77

Valor l√≠quido final: R$ 52.782,44

Lucro l√≠quido: R$ 2.782,44

Mesmo com o IR, o retorno l√≠quido √© superior a boa parte dos CDBs tradicionais do mercado, tornando o investimento competitivo.

Veredito: oportunidade ou cilada?

Sim, √© uma oportunidade ‚Äì com ressalvas.

Se voc√™:

Tem conta (ou est√° disposto a abrir) no Banco BV

Possui at√© R$ 50 mil dispon√≠veis para deixar por 6 meses

Est√° ciente da tributa√ß√£o e da impossibilidade de reaplicar nesse mesmo produto

Busca seguran√ßa e liquidez com rendimento acima da m√©dia

Ent√£o esse CDB vale a pena. Ele oferece um √≥timo custo-benef√≠cio no curto prazo, especialmente para quem quer usar como reserva de oportunidade e aproveitar a alta da Selic.

Mas aten√ß√£o: n√£o confunda essa promo√ß√£o com uma estrat√©gia de longo prazo. Use com intelig√™ncia dentro do seu planejamento financeiro.

O CDB de 120% do CDI com liquidez di√°ria do Banco BV √©, sim, uma √≥tima op√ß√£o para alocar parte do capital por tempo limitado, desde que o investidor esteja ciente das condi√ß√µes. Aproveitar esse tipo de a√ß√£o promocional pode ser uma forma inteligente de aumentar os rendimentos sem abrir m√£o da seguran√ßa e da liquidez.

Para quem busca maximizar o retorno da reserva de emerg√™ncia ou de oportunidade, essa aplica√ß√£o pode ser exatamente o que faltava na carteira ‚Äî mas apenas se usada com estrat√©gia.",https://opetroleo.com.br/banco-bv-lanca-cdb-de-120-do-cdi-com-liquidez-diaria-vale-a-pena/
https://www.painelpolitico.com/p/ieda-chaves-destina-quase-r-90-mil,xp,2025-06-30T13:49:49Z,Ieda Chaves destina quase R$ 90 mil √† amplia√ß√£o da cobertura do p√°tio da Escola Santa Marcelina,nao representa risco,319,"J√° est√° em andamento a obra de amplia√ß√£o da cobertura do p√°tio da Escola Santa Marcelina Marcelo C√¢ndia, localizada em Porto Velho, viabilizada por meio de emenda parlamentar da deputada estadual Ieda Chaves (Uni√£o Brasil), no valor de R$ 89 mil. O investimento visa garantir a prote√ß√£o dos alunos contra as chuvas, livrando-os de goteiras e preocupa√ß√µes estruturais.

‚ÄúAs crian√ßas, em √©poca de chuva, n√£o precisam se deslocar da sala de aula at√© o p√°tio, at√© o refeit√≥rio, debaixo d‚Äô√°gua. Dispensamos coment√°rios, pois √© um trabalho maravilhoso que as irm√£s desempenham aqui, n√£o s√≥ na escola, mas tamb√©m na √°rea da sa√∫de. Ent√£o, tudo o que estiver ao nosso alcance, podem continuar contando com o nosso mandato, porque este √© um trabalho que nos enche de orgulho‚Äù, disse a parlamentar, que tamb√©m √© presidente da Comiss√£o de Educa√ß√£o e Cultura da Assembleia Legislativa de Rond√¥nia (Alero).

‚ÄúN√≥s agradecemos muito pela generosidade. Esse telhado aqui estava fazendo muita falta, n√©? O nosso telhado estava velho, j√° chovendo, e as crian√ßas passavam debaixo de chuva. Agora, gra√ßas √† deputada e a essa emenda, temos a perspectiva de mais conforto, seguran√ßa e dignidade para as nossas crian√ßas‚Äù, afirmou a diretora da escola, Irm√£ Maria de Lourdes Javaro.

Conforto

Ainda em 2024, Ieda Chaves destinou R$ 36 mil, tamb√©m por meio de emenda parlamentar, para climatizar as salas de aula com a aquisi√ß√£o de aparelhos de ar-condicionado novinhos, garantindo um ambiente mais confort√°vel e fresco, longe do calor, que pode ser um dos fatores que atrapalham a concentra√ß√£o.

Compromisso

‚ÄúInvestir na infraestrutura das nossas escolas √© mais do que n√∫meros; √© investir no futuro, na qualidade de vida dos nossos alunos e no trabalho essencial dos nossos educadores. Cada centavo √© aplicado com responsabilidade para gerar o m√°ximo de impacto‚Äù, concluiu a deputada estadual.

Fonte: AsCom",https://www.painelpolitico.com/p/ieda-chaves-destina-quase-r-90-mil
https://embarqueprioritario.com/tag/xp/,xp,2025-06-30T12:22:05Z,Arquivos <b>xp</b> - Embarque Priorit√°rio,nao representa risco,67,"Com o crescimento do mercado de fidelidade no Brasil, cada vez mais institui√ß√µes financeiras oferecem programas de pontos que podem ser transferidos para companhias a√©reas ou convertidos em benef√≠cios. Um dos destaques nos √∫ltimos anos √© a parceria XP Livelo, que permite transferir pontos acumulados na XP Investimentos para o",https://embarqueprioritario.com/tag/xp/
